word	phonemes	hybrid	basis	espeak_agrees	wiktionary
अँकाइ	ʌ̃ k a i	ʌ̃kˈaːɪ	agree	yes	[ʌ̃käi̯]
अँजुलि	ʌ̃ dz u l i	ʌ̃ɟˈulɪ	agree	yes	[ʌ̃(d)zuli]
अंश	ʌ̃ s ʌ	ˈʌ̃sˌə	audio	no	
अकास	ʌ k a s	əkˈaːs	agree	yes	[ʌkäs]
अक्टोबर	ʌ k ʈ o b ʌ r	əkʈˈoːbəɾ	agree	no	[ʌk̚ʈobʌr]
अक्सफोर्ड	ʌ k s ʌ pʰ o r ɖ	ˌəksəpʰˈoːɾɖ	audio	no	
अगस्ट	ʌ g ʌ s ʈ	əɡˈʌsʈ	owner	no	[ʌɡ̞ʌs̠t̠]
अगस्त	ʌ g ʌ s t̪	əɡˈʌst	audio	no	[ʌɡ̞ʌst̪ʌ] / [ʌɡ̞ʌst̪] / [ʌɡ̞ʌs]
अग्नि	ʌ g n i	ˈʌɡnɪ	agree	yes	[ʌɡ̞ni]
अग्लो	ʌ g l o	ˈʌɡloː	agree	yes	[ʌɡ̞lo]
अघिकांश	ʌ gʱ i k ã s ʌ	ˌəɡʰɪkˈãsˌə	audio	no	
अङ्गुर	ʌ ŋ g u r	ˈʌŋɡuɾ	owner	no	[ʌŋɡuɾʌ]
अङ्ग्रेजी	ʌ ŋ g r e dz i	əŋɡɾˈeːɟi	agree	yes	[ʌŋɡre(d)zi]
अचार	ʌ ts a r	əcˈaːɾ	agree	no	[ʌt͡sär]
अजय	ʌ dz ʌ j	ˈʌɟəj	audio	no	
अञ्चल	ʌ n ts ʌ l	ˈʌncəl	agree	yes	[ʌn̻t͡sʌl]
अटोमोबाइल्स	ʌ ʈ o m o b a i l s	ˌəʈoːmˌoːbaːˈɪls	audio	no	
अट्ठा	ʌ ʈ ʈʰ a	ˈʌʈʈʰˌaː	agree	yes	[ʌʈ̚ʈʰä]
अट्ठाईस	ʌ ʈ ʈʰ a i s	əʈʈʰˌaːˈɪːs	agree	yes	[ʌʈ̚ʈʰäi̯s]
अठचालीस	ʌ ʈʰ ts a l i s	ˌəʈʰcaːlˈɪːs	audio	no	[ʌʈʰt͡sälis]
अठतीस	ʌ ʈʰ t̪ i s	ˌəʈʰtˈɪːs	audio	no	[ʌʈʰt̪is] / [ʌɽt̪is]
अठार	ʌ ʈʰ a r ʌ	əʈʰˈaːɾˌə	owner	yes	[ʌʈʰäɾʌ]
अठासी	ʌ ʈʰ a s i	əʈʰˈaːsi	agree	yes	[ʌʈʰäsi]
अठ्तीस	ʌ ʈʰ t̪ i s	əʈʰtˈɪːs	agree	yes	[ʌʈʰt̪is] / [ʌɽt̪is]
अड्कल	ʌ ɖ k ʌ l	ˈʌɖkəl	agree	yes	[ʌɽkʌl]
अड्चालीस	ʌ ɖ ts a l i s	ˌəɖcaːlˈɪːs	agree	yes	[ʌɽt͡sälis]
अड्तीस	ʌ ɖ t̪ i s	əɖtˈɪːs	agree	yes	[ʌɽt̪is]
अड्सठ्ठी	ʌ ɖ s ʌ ʈʰ ʈʰ i	əɖsˈʌʈʰʈʰˌiː	agree	no	[ʌɽsʌʈʰʈʰi]
अणु	ʌ n u	ˈʌnu	agree	yes	[ʌɽ̃u]
अण्डर	ʌ n ɖ ʌ r ʌ	ˈʌnɖəɾˌə	audio	yes	
अण्डरग्राउण्ड	ʌ n ɖ ʌ r ʌ g r a u n ɖ	ˌənɖəɾˌəɡɾaːˈʊnɖ	audio	no	
अण्डा	ʌ n ɖ a	ˈʌnɖaː	agree	yes	[ʌɳɖä]
अतिक्रमणमुक्त	ʌ t̪ i k r ʌ m ʌ n m u k t̪ ʌ	ˌətɪkɾˌəmənmˈuktˌə	audio	no	
अथवा	ʌ t̪ʰ ʌ w a	ˌətʰəwˈaː	agree	yes	[ʌt̪ʰʌwä]
अदुवा	ʌ d̪ u w a	ˌəduwˈaː	agree	yes	[ʌd̪uwä]
अद्वैत	ʌ d̪ w ʌi t̪ ʌ	ədwˈaitˌə	audio	no	
अधिकांश	ʌ d̪ʱ i k ã s ʌ	ˌədʰɪkˈãsˌə	audio	no	
अधिकांशको	ʌ d̪ʱ i k ã s ʌ k o	ˌədʰɪkˈãsəkˌoː	audio	no	
अधिकारमाथि	ʌ d̪ʱ i k a r m a t̪ʰ i	ˌədʰɪkˌaːɾmˈaːtʰɪ	audio	no	
अध्यक्ष	ʌ d̪ ʌ k tsʰ j ʌ	ədˈʌkcʰjˌə	owner	no	[ʌd̪ʌk̚t͡sʰe] / [ʌd̪d̪ek̚t͡sʰe]
अनलाइन	ʌ n l a i n	ˌənlˈaːɪn	audio	no	
अनलाइनखबरसँगको	ʌ n l a i n ʌ kʰ ʌ b ʌ r s ʌ̃ g ʌ k o	ˌənlˌaːɪnˌəkʰəbˌəɾsʌ̃ɡˈʌkoː	audio	no	
अनलाइनबाट	ʌ n l a i n b a ʈ ʌ	ˌənlˌaːɪnbˈaːʈˌə	audio	no	
अनलाइनमा	ʌ n l a i n m a	ˌənlˈaːɪnmˌaː	audio	no	
अनलाइनमार्फत	ʌ n l a i n ʌ m a r pʰ ʌ t̪	ˌənlˌaːɪnəmˈaːɾpʰət	audio	no	
अनायसै	ʌ n a j s ʌi	ənˈaːjsˌai	audio	no	
अनार	ʌ n a r	ənˈaːɾ	agree	no	[ʌnär]
अनि	ʌ n i	ˈʌnɪ	agree	yes	[ʌni]
अनिश्चितकालीन	ʌ n i s ts i t̪ k a l i n	ˌənɪscˌɪtkaːlˈɪːn	audio	no	
अनुनय	ʌ n u n ʌ j	ənunˌəj	audio	no	
अनुपम	ʌ n u p ʌ m	ənupˌəm	agree	no	[ʌnupʌm]
अनुबादक	ʌ n u b a d̪ ʌ k	ənubˌaːdˈək	agree	no	[ʌnubäd̪ʌk]
अनुभवबारे	ʌ n u bʱ ʌ w b a r e	ˌənubʰˌəwbˌaːɾˈeː	audio	no	
अनुमति	ʌ n u m ʌ t̪ i	ənumˌətˈɪ	agree	yes	[ʌnumʌt̪i]
अनुसन्धानका	ʌ n u s ʌ n d̪ʱ a n ʌ k a	ˌənusˌəndʰˌaːnəkˈaː	audio	yes	
अनौठो	ʌ n ʌu ʈʰ o	ənˈʌuʈʰoː	agree	yes	[ʌnʌu̯ʈʰo]
अन्ठाउन्न	ʌ n ʈʰ a u n n ʌ	ˌənʈʰaːˈʊnnˌə	agree	yes	[ʌɳʈʰäu̯nːʌ]
अन्ठानब्बे	ʌ n ʈʰ a n ʌ b b e	ˌənʈʰaːnˈʌbbeː	agree	yes	[ʌɳʈʰänʌb̚be]
अन्डा	ʌ n ɖ a	ˈʌnɖaː	agree	yes	[ʌɳɖä]
अन्ततः	ʌ n t̪ ʌ t̪ ʌ ɦ	ˈʌntətˌəh	audio	yes	
अन्तरघुलन	ʌ n t̪ ʌ r gʱ u l ʌ n	ˈʌntəɾɡʰˌulˌən	audio	no	
अन्तरदेशीय	ʌ n t̪ ʌ r d̪ e s i j ʌ	ˌəntəɾdˌeːsˈɪːjˌə	audio	no	
अन्तरनिकाय	ʌ n t̪ ʌ r n i k a j ʌ	ˌəntəɾnˌɪkˈaːjˌə	audio	no	
अन्तरराष्ट्रिय	ʌ n t̪ ʌ r r a s ʈ r i j ʌ	ˌəntəɾɾˈaːsʈɾˌɪjˌə	owner	no	[ʌn̪t̪ʌɾʌräs̠t̠rie]
अन्दाजी	ʌ n d̪ a dz i	əndˈaːɟi	agree	yes	[ʌn̪d̪ä(d)zi]
अन्य	ʌ n j ʌ	ˈʌnjˌə	owner	yes	[ʌnːe]
अपडेट	ʌ p ɖ e ʈ	ˌəpɖˈeːʈ	audio	no	
अपलोड	ʌ p l o ɖ	ˌəplˈoːɖ	audio	no	
अप्ठेरो	ʌ p ʈʰ e r o	əpʈʰˈeːɾoː	agree	yes	[ʌp̚ʈʰeɾo]
अप्ठ्यारो	ʌ p ʈʰ j a r o	əpʈʰjˈaːɾoː	agree	yes	[ʌp̚ʈʰjäɾo] / [ʌp̚ʈʰeɾo]
अप्रिल	ʌ p r i l	ˈʌpɾɪl	agree	yes	[ʌpril]
अप्रेल	ʌ p r e l	əpɾˈeːl	agree	yes	[ʌprel]
अब	ʌ b ʌ	ʌbˈə	agree	yes	[ʌbʌ]
अभिनय	ʌ bʱ i n ʌ j	ˈʌbʰɪnˌəj	audio	no	
अभियोगबारे	ʌ bʱ i j o g b a r e	ˌəbʰɪjˌoːɡbˈaːɾeː	audio	no	
अमरसिंह	ʌ m ʌ r ʌ s ĩ ɦ	ˌəməɾəsˈĩh	audio	no	
अमाजु	ʌ m a dz u	əmˈaːɟu	agree	yes	[ʌmä(d)zu]
अमिलो	ʌ m i l o	ˈʌmɪlˌoː	agree	yes	[ʌmilo]
अमेरिकन	ʌ m e r i k ʌ n	əmˈeːɾɪkˌən	agree	yes	[ʌmeɾikʌn]
अमेरिका	ʌ m e r i k a	əmˈeːɾɪkˌaː	agree	yes	[ʌmeɾikä]
अरब	ʌ r ʌ b	ˈʌɾəb	agree	yes	[ʌɾʌb]
अररो	ʌ r ʌ r o	ˈʌɾəɾˌoː	agree	yes	[ʌɾʌro]
अर्को	ʌ r k o	ˈʌɾkoː	agree	no	[ʌrko]
अर्घाखाँची	ʌ r gʱ a kʰ ã ts i	ˌəɾɡʰaːkʰãcˈiː	agree	no	[ʌrɡʱä̤k̞ʰä̃t͡si]
अर्थ	ʌ r t̪ʰ ʌ	ˈʌɾtʰˌə	agree	no	[ʌrt̪ʰʌ]
अर्ध	ʌ r d̪ʱ ʌ	ˈʌɾdʰˌə	agree	no	[ʌrd̪ʱʌ̤]
अर्ब	ʌ r b ʌ	ˈʌɾbˌə	agree	no	[ʌrbʌ]
अलार्म	ʌ l a r m	əlˈaːɾm	audio	no	
अलि	ʌ l i	ˈʌlɪ	agree	yes	[ʌli]
अलिकति	ʌ l i k ʌ t̪ i	ˈʌlɪkˌətɪ	agree	yes	[ʌlikʌt̪i]
अलैंची	ʌ l ʌi n ts i	əlˈainci	agree	yes	[ʌlʌi̯n̻t͡si]
अल्गो	ʌ l g o	ˈʌlɡoː	agree	yes	[ʌlɡo] / [ʌlko]
अल्छि	ʌ l tsʰ i	ˈʌlcʰɪ	agree	yes	[ʌl̻t͡sʰi]
अल्छी	ʌ l tsʰ i	ˈʌlcʰi	agree	yes	[ʌl̻t͡sʰi]
अल्ट्रासाउण्ड	ʌ l ʈ r a s a u n ɖ	ˌəlʈɾaːsaːˈʊnɖ	audio	no	
अल्पकालीन	ʌ l p ʌ k a l i n ʌ	ˌəlpəkaːlˈɪːnˌə	audio	no	
अल्सि	ʌ l s i	ˈʌlsɪ	agree	yes	[ʌlsi] / [ʌl̻t͡sʰi]
अल्सी	ʌ l s i	ˈʌlsi	agree	yes	[ʌlsi]
अवश्य	ʌ w ʌ s j	əwˈʌsj	audio	no	
अवसरबारे	ʌ w ʌ s ʌ r b a r e	ˌəwəsˌəɾbˈaːɾeː	audio	no	
अवसरवादमा	ʌ w ʌ s ʌ r w a d̪ m a	ˌəwəsˌəɾwˈaːdmˌaː	audio	no	
अवैध	ʌ w ʌi d̪ʱ ʌ	əwˈaidʰˌə	audio	no	
असमझदारी	ʌ s ʌ m ʌ dzʱ d̪ a r i	ˌəsəmˌəɟʰdˈaːɾi	audio	no	
असल	ʌ s ʌ l	ˈʌsəl	agree	yes	[ʌsʌl]
असी	ʌ s i	ˈʌsi	agree	yes	[ʌsi]
असोज	ʌ s o dz	əsˈoːɟ	agree	yes	[ʌso(d)z]
अस्ट्रेलियन	ʌ s ʈ r e l i j ʌ n ʌ	əsʈɾˈeːlɪjˌənˌə	audio	no	
अस्ट्रेलिया	ʌ s ʈ r e l i j a	əsʈɾˈeːlɪjˌaː	agree	yes	[ʌs̠t̠relijä]
अस्ति	ʌ s t̪ i	ˈʌstɪ	agree	yes	[ʌst̪i]
अस्पताल	ʌ s p ʌ t̪ a l	ˌəspətˈaːl	agree	yes	[ʌspʌt̪äl]
अस्पतालपारी	ʌ s p ʌ t̪ a l p a r i	ˌəspətˌaːlpˈaːɾi	audio	no	
अस्पतालभित्र	ʌ s p ʌ t̪ a l bʱ i t̪ r ʌ	ˌəspətˌaːlbʰˈɪtɾˌə	audio	no	
अस्पतालभित्रको	ʌ s p ʌ t̪ a l bʱ i t̪ r ʌ k o	ˌəspətˌaːlbʰˈɪtɾəkˌoː	audio	no	
अस्पतालमै	ʌ s p ʌ t̪ a l m ʌi	ˌəspətˈaːlmˌai	audio	no	
अस्मान	ʌ s m a n	əsmˈaːn	agree	yes	[ʌsmän]
अहँ	ʌ ɦ ʌ̃	ˈʌhʌ̃	agree	yes	[ʌɦʌ̃]
अहराइ	ʌ ɦ r a i	ˌəhɾˈaːɪ	owner	no	
अहराई	ʌ ɦ r a i	ˌəhɾˈaːi	owner	no	
अहराऊ	ʌ ɦ r a u	ˌəhɾˈaːʊ	owner	no	
अहराए	ʌ ɦ r a e	ˌəhɾˈaːeː	owner	no	
अहराओ	ʌ ɦ r a o	ˌəhɾˈaːoː	owner	no	
आ	a	ˈaː	agree	yes	[ä]
आँखा	ã kʰ a	ãkʰˈaː	agree	yes	[ä̃k̞ʰä]
आँग	ã g	ˈãɡ	agree	yes	[ä̃ɡ̞] / [äŋ]
आँट	ã ʈ	ˈãʈ	agree	yes	[ä̃ʈ]
आँटी	ã ʈ i	ãʈˈiː	agree	yes	[ä̃ʈi]
आँप	ã p	ˈãp	agree	yes	[ä̃p]
आआफ्नो	a a pʰ n o	aːˈaːpʰnoː	agree	yes	[ääɸno] / [äʔäɸno]
आइइएलटिएस	a i i e l ʈ i e s	ˌaːɪˌɪeːlʈˌɪˈeːs	audio	no	
आइतबार	a i t̪ ʌ b a r	ˌaːɪtəbˈaːɾ	owner	no	[äi̯t̪ʌbär]
आइन	a i n ʌ	ˈaːɪnˌə	audio	no	
आइमाई	a i m a i	ˌaːɪmˈaːi	agree	yes	[äi̯mäi̯]
आइरहे	a i r ɦ e	ˈaːɪɾhˌeː	audio	no	
आइरहेका	a i r ɦ e k a	ˌaːɪɾhˈeːkaː	audio	no	
आइरहेको	a i r ɦ e k o	ˌaːɪɾhˈeːkoː	audio	no	
आइस्ड	a i s ɖ	aːˈɪsɖ	owner	no	[äi̯s̠d̠]
आईतबार	a i t̪ ʌ b a r	ˌaːɪːtəbˈaːɾ	owner	no	[äi̯t̪ʌbär]
आउनु	a u n u	ˈaːʊnˌu	agree	yes	[äu̯nu]
आकाश	a k a s	aːkˈaːs	agree	yes	[äkäs]
आखर	a kʰ ʌ r	ˈaːkʰəɾ	agree	no	[äk̞ʰʌr]
आगन्तुक	a g ʌ n t̪ u k	aːɡˈʌntuk	agree	no	[äɡ̞ʌn̪t̪uk]
आगो	a g o	ˈaːɡoː	agree	yes	[äɡ̞o]
आङ	a ŋ	ˈaːŋ	agree	yes	[äŋ]
आचार्यले	a ts a r j l e	aːcˈaːɾjlˌeː	audio	no	
आज	a dz ʌ	aːɟˈəː	agree	yes	[ä.d͡zʌ]
आटो	a ʈ o	ˈaːʈoː	agree	yes	[äʈo]
आठ	a ʈʰ	ˈaːʈʰ	agree	yes	[äʈʰ]
आडमा	a ɖ ʌ m a	ˈaːɖəmˌaː	audio	yes	
आधारभूत	a d̪ʱ a r bʱ u t̪	ˌaːdʰaːɾbʰˈuːt	audio	no	
आधाररेखा	a d̪ʱ a r r e kʰ a	ˌaːdʰaːɾɾˈeːkʰaː	audio	no	
आफ्नो	a pʰ n o	ˈaːpʰnoː	agree	yes	[äɸno]
आमनिर्वाचन	a m n i r w a ts ʌ n	ˌaːmnɪɾwˈaːcən	audio	no	
आमनिर्वाचनमा	a m n i r w a ts ʌ n m a	ˌaːmnɪɾwˈaːcənmˌaː	audio	no	
आमा	a m a	ˈaːmaː	agree	yes	[ämä]
आमाजु	a m a dz u	aːmˈaːɟu	agree	yes	[ämä(d)zu] / [ʌmä(d)zu]
आमाजू	a m a dz u	aːmˈaːɟuː	agree	yes	[ämä(d)zu]
आमाज्यू	a m a dz j u	aːmˈaːɟjuː	agree	yes	[ämä(d)zju]
आरबीआईमा	a r b i a i m a	ˌaːɾbˌɪːaːˈɪːmaː	audio	no	
आराम	a r a m	aːɾˈaːm	agree	no	[äɾäm]
आर्थिकरूपमा	a r t̪ʰ i k r u p m a	ˈaːɾtʰɪkɾˌuːpmˌaː	audio	no	
आलसतालस	a l ʌ s t̪ a l ʌ s	ˌaːləstˈaːləs	audio	no	
आलु	a l u	ˈaːlu	agree	yes	[älu]
आवश्यकता	a w ʌ s j ʌ k t̪ a	aːwˈʌsjəktˌaː	audio	no	[äbʌsek̚t̪ä] / [äu̯ʌsek̚t̪ä]
आशय	a s ʌ j	ˈaːsəj	audio	no	
आश्विन	a s w i n	aːswˈɪn	agree	yes	[äswin]
आसपास	a s p a s	ˌaːspˈaːs	audio	no	
आसपासका	a s p a s k a	ˌaːspˈaːskˌaː	audio	no	
आसपासटुकुचाको	a s p a s ʌ ʈ u k u ts a k o	ˌaːspˌaːsəʈˌukucˈaːkoː	audio	no	
आस्मानी	a s m a n i	ˈaːsmaːnˌiː	agree	yes	[äsmäni]
आहा	a ɦ a	ˈaːhaː	agree	yes	/aɦa/ / [ähä]
आहारविहार	a ɦ a r w i ɦ a r	ˌaːhaːɾwˈɪhaːɾ	audio	no	
इँट	ĩ ʈ	ˈĩʈ	agree	yes	[ĩʈ]
इँट्टा	ĩ ʈ ʈ a	ˈĩʈʈˌaː	agree	yes	[ĩʈ̚ʈä]
इंडिया	i n ɖ i j a	ˈɪnɖɪjˌaː	agree	yes	[iɳɖijä]
इकमर्स	i k ʌ m ʌ r s	ˌɪkəmˈʌɾs	audio	no	
इकमर्सका	i k ʌ m ʌ r s k a	ˌɪkəmˈʌɾskˌaː	audio	no	
इकमर्समा	i k ʌ m ʌ r s m a	ˌɪkəmˈʌɾsmˌaː	audio	no	
इकमर्सलाई	i k ʌ m ʌ r s l a i	ˌɪkəmˌəɾslˈaːi	audio	no	
इकमर्सले	i k ʌ m ʌ r s l e	ˌɪkəmˈʌɾslˌeː	audio	no	
इकमर्सहरूलाई	i k ʌ m ʌ r s ɦ ʌ r u l a i	ˌɪkəmˌəɾshˌəɾuːlˈaːi	audio	no	
इजलास	i dz l a s	ˌɪɟlˈaːs	audio	no	
इतिहास	i t̪ i ɦ a s	ˌɪtɪhˈaːs	owner	yes	[it̪i(ɦ)äs]
इतिहासकार	i t̪ i ɦ a s k a r	ˌɪtɪhˌaːskˈaːɾ	owner	no	
इतिहासमा	i t̪ i ɦ a s m a	ˌɪtɪhˈaːsmˌaː	owner	no	
इथान	i t̪ʰ a n ʌ	ɪtʰˈaːnˌə	audio	no	
इनाम	i n a m	ɪnˈaːm	agree	no	[inäm]
इनार	i n a r	ɪnˈaːɾ	agree	no	[inär]
इन्चार्ज	i n ts a r dz	ɪncˈaːɾɟ	audio	no	
इन्टरटेन्टमेन्ट	i n ʈ ʌ r ʈ e n ʈ ʌ m e n ʈ ʌ	ˌɪnʈəɾʈˌeːnʈəmˈeːnʈˌə	audio	no	
इन्टरनेट	i n ʈ ʌ r n e ʈ	ˌɪnʈəɾnˈeːʈ	audio	no	[iɳʈʌrneʈ]
इन्टरनेटको	i n ʈ ʌ r n e ʈ k o	ˌɪnʈəɾnˈeːʈkˌoː	audio	no	
इन्टरनेशनल	i n ʈ ʌ r n e s ʌ n ʌ l	ˌɪnʈəɾnˈeːsənˌəl	audio	no	
इन्टरनेसनल	i n ʈ ʌ r n e s ʌ n ʌ l	ˌɪnʈəɾnˈeːsənˌəl	audio	no	
इन्ट्रेस्ट	i n ʈ r e s ʈ	ɪnʈɾˈeːsʈ	audio	no	
इन्दिरा	i n d̪ i r a	ˈɪndɪɾˌaː	agree	yes	[in̪d̪iɾä]
इन्द्रेनी	i n d̪ r e n i	ɪndɾˈeːni	agree	yes	[in̪d̪reni]
इन्धनयुक्त	i n d̪ʱ ʌ n j u k t̪ ʌ	ˌɪndʰənjˈuktˌə	audio	no	
इभेन्ट	i bʱ e n ʈ	ɪbʰˈeːnʈ	audio	no	
इभेन्ट्स	i bʱ e n ʈ s	ɪbʰˈeːnʈs	audio	no	
इमेलभित्र	i m e l bʱ i t̪ r ʌ	ˌɪmeːlbʰˈɪtɾˌə	audio	no	
इम्पोर्ट	i m p o r ʈ	ɪmpˈoːɾʈ	audio	no	
इलेक्ट्रिकल	i l e k ʈ r i k ʌ l ʌ	ɪlˈeːkʈɾɪkˌəlˌə	audio	no	
इलेक्ट्रोनिक्स	i l e k ʈ r o n i k s	ˌɪleːkʈɾoːnˈɪks	audio	no	
इलेक्ट्रोनिक्समा	i l e k ʈ r o n i k s m a	ɪlˈeːkʈɾoːnˌɪksmˌaː	audio	no	
इस्टोनिया	i s ʈ o n i j a	ɪsʈˈoːnɪjˌaː	agree	yes	[is̠t̠onijä]
इस्लाम	i s l a m	ɪslˈaːm	agree	no	[isläm]
ई	i	ˈiː	agree	yes	[i]
ईरान	i r a n	ɪːɾˈaːn	agree	yes	[iɾän]
उ	u	ˈʊ	agree	yes	[u]
उँचाइ	ũ ts a i	ũcˈaːɪ	agree	yes	[ũt͡säi̯]
उँट	ũ ʈ	ˈũʈ	agree	yes	[ũʈ]
उखु	u kʰ u	ˈʊkʰu	agree	yes	[uk̞ʰu]
उचाइ	u ts a i	ʊcˈaːɪ	agree	yes	[ut͡säi̯]
उठिरहेका	u ʈʰ i r ɦ e k a	ˌʊʈʰɪɾhˈeːkaː	audio	no	
उठ्नु	u ʈʰ n u	ˈʊʈʰnˌu	agree	no	[uʈʰɳu]
उड्नु	u ɖ n u	ˈʊɖnˌu	agree	no	[uɽɳu]
उतार्नु	u t̪ a r n u	ʊtˈaːɾnˌu	agree	no	[ut̪ärnu]
उत्तर	u t̪ t̪ ʌ r	ˈʊttˌəɾ	agree	no	[ut̪̚t̪ʌr]
उत्तरदायी	u t̪ t̪ ʌ r d̪ a j i	ʊttˌəɾdˈaːji	audio	no	
उत्तरप्रदेश	u t̪ t̪ ʌ r ʌ p r ʌ d̪ e s ʌ	ʊttˌəɾəpɾədˈeːsˌə	audio	no	
उत्पादनका	u t̪ p a d̪ ʌ n ʌ k a	ʊtpˈaːdənˌəkaː	audio	yes	
उत्पादनकै	u t̪ p a d̪ ʌ n k ʌi	ʊtpˈaːdənkˌai	audio	no	
उत्पादनमुखी	u t̪ p a d̪ ʌ n m u kʰ i	ʊtpˈaːdənmˌukʰˌiː	audio	no	
उत्पादनमूलक	u t̪ p a d̪ ʌ n m u l ʌ k	ˌʊtpaːdˌənmˈuːlək	audio	no	
उत्रनु	u t̪ r ʌ n u	ˈʊtɾənˌu	agree	yes	[ut̪rʌnu]
उदयको	u d̪ ʌ j k o	ˈʊdəjkˌoː	audio	no	
उदयपुरको	u d̪ ʌ j p u r k o	ˈʊdəjpˌuɾkˌoː	audio	no	
उदयपुरबाट	u d̪ ʌ j p u r b a ʈ ʌ	ˌʊdəjpˌuɾbˈaːʈˌə	audio	no	
उदयपुरमा	u d̪ ʌ j p u r m a	ˈʊdəjpˌuɾmˌaː	audio	no	
उद्घाटन	u d̪ gʱ a ʈ ʌ n ʌ	ʊdɡʰˈaːʈənˌə	audio	no	
उद्घोष	u d̪ gʱ o s ʌ	ʊdɡʰˈoːsˌə	audio	no	
उद्योगमात्र	u d̪ j o g m a t̪ r ʌ	ˌʊdjoːɡmˈaːtɾˌə	audio	no	
उद्योगहरू	u d̪ j o g ʌ ɦ ʌ r u	ʊdjˈoːɡəhˌəɾuː	audio	yes	
उद्योगहरूमा	u d̪ j o g ʌ ɦ ʌ r u m a	ˌʊdjoːɡˌəhəɾˈuːmaː	audio	yes	
उद्योगहरूले	u d̪ j o g ʌ ɦ ʌ r u l e	ˌʊdjoːɡˌəhəɾˈuːleː	audio	yes	
उनका	u n k a	ˈʊnkˌaː	owner	no	
उनकै	u n k ʌi	ˈʊnkˌai	audio	no	
उनको	u n ʌ k o	ˈʊnəkˌoː	audio	yes	
उनतीस	u n t̪ i s	ˌʊntˈɪːs	owner	no	[unʌt̪is]
उनन्चालीस	u n ʌ n ts a l i s	ˌʊnəncaːlˈɪːs	agree	yes	[unʌn̻t͡sälis]
उनन्चास	u n ʌ n ts a s	ˌʊnəncˈaːs	agree	yes	[unʌn̻t͡säs]
उनन्तीस	u n ʌ n t̪ i s	ˌʊnəntˈɪːs	agree	yes	[unʌn̪t̪is]
उनन्पचास	u n ʌ n p ʌ ts a s	ˌʊnənpəcˈaːs	agree	yes	[unʌnpʌt͡säs]
उनन्सत्तरी	u n ʌ n s ʌ t̪ t̪ ʌ r i	ˌʊnənsˈʌttˌəɾi	agree	yes	[unʌnsʌt̪̚t̪ʌɾi]
उनन्साठी	u n ʌ n s a ʈʰ i	ˌʊnənsˈaːʈʰi	agree	yes	[unʌnsäʈʰi]
उनानब्बे	u n a n ʌ b b e	ˌʊnaːnˈʌbbeː	agree	yes	[unänʌb̚be]
उनान्असी	u n a n ʌ s i	ʊnˈaːnəsˌiː	agree	yes	[unänʌsi]
उनान्सय	u n a n s ʌ j	ʊnˈaːnsəj	audio	no	[unänsʌe]
उनासी	u n a s i	ʊnˈaːsi	agree	yes	[unäsi]
उनी	u n i	ˈʊni	agree	yes	[uni]
उनीहरू	u n i ɦ ʌ r u	ʊnˈɪːhəɾˌuː	agree	yes	[uniɦʌɾu]
उन्चालीस	u n ts a l i s	ˌʊncaːlˈɪːs	agree	yes	[un̻t͡sälis]
उन्तीस	u n t̪ i s	ʊntˈɪːs	agree	yes	[un̪t̪is]
उन्नयनमा	u n n ʌ j ʌ n ʌ m a	ˈʊnnˌəjənˌəmaː	audio	yes	
उन्नाइस	u n n a i s	ˈʊnnˌaːɪs	agree	yes	[unːäi̯s]
उन्नाईस	u n n a i s	ʊnnˌaːˈɪːs	agree	yes	[unːäi̯s]
उन्सत्तरी	u n s ʌ t̪ t̪ ʌ r i	ʊnsˈʌttˌəɾi	agree	yes	[unsʌt̪̚t̪ʌɾi]
उप	u p ʌ	upˈə	owner	yes	
उपत्यकाबाहिर	u p ʌ t̪ j ʌ k a b a ɦ i r ʌ	ˌʊpətjˌəkaːbˈaːhɪɾˌə	audio	yes	
उपनगरपालिका	u p ʌ n ʌ g ʌ r p a l i k a	ˌʊpənˌəɡəɾpˈaːlɪkˌaː	audio	no	
उपनिषद्	u p ʌ n i s ʌ d̪	ˈʊpənˌɪsəd	owner	yes	[upʌnisʌd̪]
उपभोग	u p bʱ o g	ˌʊpbʰˈoːɡ	audio	no	
उपहारकै	u p ɦ a r ʌ k ʌi	ˌʊphˈaːɾəkˌai	audio	no	
उपाय	u p a j	ʊpˈaːj	audio	no	[upäe]
उपायको	u p a j k o	ʊpˈaːjkˌoː	audio	no	
उपायबाट	u p a j b a ʈ ʌ	ˌʊpaːjbˈaːʈˌə	audio	no	
उप्टन्	u p ʈ ʌ n	ˈʊpʈən	agree	yes	[up̚ʈʌn]
उफ्रनु	u pʰ r ʌ n u	ˈʊpʰɾənˌu	agree	yes	[uɸrʌnu]
उभिन	u bʱ i n ʌ	ˈʊbʰɪnˌə	audio	no	
उमाल्नु	u m a l n u	ʊmˈaːlnˌu	agree	no	[umälnu]
उमेर	u m e r	ʊmˈeːɾ	audio	no	[umer]
उमेरमा	u m e r m a	ʊmˈeːɾmˌaː	audio	no	
उमेश	u m e s ʌ	ʊmˈeːsˌə	audio	no	
उम्मेदवार	u m m e d̪ w a r	ʊmmˌeːdwˈaːɾ	owner	no	[umːed̪wär]
उम्मेदवारमध्ये	u m m e d̪ w a r ʌ m ʌ d̪ʱ j e	ʊmmˌeːdwˈaːɾəmˌədʰjeː	audio	no	
उम्मेदवारमा	u m m e d̪ w a r m a	ʊmmˌeːdwˈaːɾmˌaː	audio	no	
उम्मेदवारलाई	u m m e d̪ w a r l a i	ʊmmˌeːdwˈaːɾlˌaːi	audio	no	
उम्मेदवारले	u m m e d̪ w a r l e	ʊmmˌeːdwˈaːɾlˌeː	audio	no	
उम्मेदवारसँग	u m m e d̪ w a r s ʌ̃ g ʌ	ʊmmˌeːdwˈaːɾsˌʌ̃ɡˌə	audio	no	
उम्मेदवारसमेत	u m m e d̪ w a r ʌ s ʌ m e t̪	ʊmmˌeːdwˈaːɾəsˌəmeːt	audio	no	
उम्मेदवारहरुको	u m m e d̪ w a r ʌ ɦ ʌ r u k o	ʊmmˌeːdwˈaːɾəhˌəɾukˌoː	audio	no	
उम्मेदवारहरुलाई	u m m e d̪ w a r ʌ ɦ ʌ r u l a i	ʊmmˌeːdwˈaːɾəhˌəɾulˌaːi	audio	no	
उम्मेदवारहरुले	u m m e d̪ w a r ʌ ɦ ʌ r u l e	ʊmmˌeːdwˈaːɾəhˌəɾulˌeː	audio	no	
उम्रनु	u m r ʌ n u	ˈʊmɾənˌu	agree	yes	[umrʌnu]
उम्लनु	u m l ʌ n u	ˈʊmlənˌu	agree	yes	[umlʌnu]
उल्लु	u l l u	ˈʊllu	agree	no	[ullu]
उसँग	u s ʌ̃ g ʌ	ʊsˈʌ̃ɡˌə	audio	no	
उसकासामू	u s k a s a m u	ˌʊskaːsˈaːmuː	audio	no	
उसकै	u s k ʌi	ˈʊskˌai	audio	no	
उसको	u s k o	ˈʊskˌoː	agree	no	[usko]
उसमा	u s m a	ˈʊsmˌaː	agree	no	[usmä]
उसलाई	u s l a i	ˌʊslˈaːi	agree	no	[usläi̯]
उसले	u s l e	ˈʊslˌeː	agree	no	[usle]
उसिन्नु	u s i n n u	ʊsˈɪnnˌu	agree	no	[usinːu]
उहाँहरुका	u ɦ ã ɦ r u k a	ˌʊhãhɾˈukˌaː	audio	no	
ऊ	u	ˈʊ	agree	yes	[u]
ऊतिर	u t̪ i r ʌ	ˈʊtɪɾˌə	audio	yes	
ऊनका	u n ʌ k a	ˈʊnəkˌaː	audio	yes	
ऊसँग	u s ʌ̃ g ʌ	ʊsˈʌ̃ɡˌə	audio	no	
ऊसँगको	u s ʌ̃ g ʌ k o	ˌʊsʌ̃ɡˈʌkoː	audio	yes	
ऋषि	r i s i	ɾˈɪsɪ	agree	yes	[ɾisi]
ए	e	ˈeː	agree	yes	[e]
एउटा	e u ʈ a	ˈeːʊʈˌaː	agree	yes	[eu̯ʈä]
एउटै	e u ʈ ʌi	ˈeːʊʈˌai	agree	yes	[eu̯ʈʌi̯]
एक	e k	ˈeːk	agree	no	[ek]
एकचालीस	e k ts a l i s	ˌeːkcaːlˈɪːs	audio	no	[ekt͡sälis]
एकछिन	e k tsʰ i n	ˈeːkcʰˌɪn	audio	no	
एकछिनपछि	e k tsʰ i n p ʌ tsʰ i	ˈeːkcʰˌɪnpˌəcʰɪ	owner	no	
एकछिनमा	e k tsʰ i n m a	ˈeːkcʰˌɪnmˌaː	audio	no	
एकजुट	e k dz u ʈ	ˈeːkɟˌuʈ	audio	no	
एकतीस	e k t̪ i s	ˌeːktˈɪːs	audio	no	[ek̚t̪is]
एकत्तर	e k ʌ t̪ t̪ ʌ r	eːkˈʌttˌəɾ	agree	no	[ekʌt̪̚t̪ʌr]
एकत्तीस	e k ʌ t̪ t̪ i s	ˌeːkəttˈɪːs	agree	yes	[ekʌt̪̚t̪is]
एकदिन	e k d̪ i n	ˈeːkdˌɪn	audio	no	
एकनासले	e k n a s l e	ˌeːknˈaːslˌeː	audio	no	
एकमात्र	e k m a t̪ r ʌ	ˌeːkmˈaːtɾˌə	audio	no	
एकसठ्ठी	e k ʌ s ʌ ʈʰ ʈʰ i	ˌeːkəsˈʌʈʰʈʰˌiː	agree	no	[ekʌsʌʈʰʈʰi]
एकसाथ	e k s a t̪ʰ	ˌeːksˈaːtʰ	audio	no	
एकहोरो	e k ɦ o r o	ˌeːkhˈoːɾoː	audio	no	
एकाउन्ट	e k a u n ʈ	ˌeːkaːˈʊnʈ	audio	no	
एकाउन्न	e k a u n n ʌ	ˌeːkaːˈʊnnˌə	agree	yes	[ekäu̯nːʌ]
एकानब्बे	e k a n ʌ b b e	ˌeːkaːnˈʌbbeː	agree	yes	[ekänʌb̚be]
एकासी	e k a s i	eːkˈaːsi	agree	yes	[ekäsi]
एकैदिन	e k ʌi d̪ i n ʌ	eːkˈaidɪnˌə	audio	yes	
एक्का	e k k a	ˈeːkkˌaː	agree	yes	[ek̚kä]
एक्काइस	e k k a i s	ˈeːkkˌaːɪs	agree	yes	[ek̚käi̯s]
एक्काईस	e k k a i s	ˈeːkkˌaːɪːs	agree	yes	[ek̚käi̯s]
एक्काउन्न	e k k a u n n ʌ	eːkkˌaːˈʊnnˌə	agree	yes	[ek̚käu̯nːʌ]
एक्जामिनेसन्स	e k dz a m i n e s ʌ n s	ˌeːkɟaːmˌɪneːsˈʌns	audio	no	
एक्त्तीस	e k t̪ t̪ i s	ˈeːkttˌɪːs	agree	yes	[ek̚t̪t̪is]
एघार	e gʱ a r ʌ	eːɡʰˈaːɾˌə	owner	yes	[eɡ̞ä.rʌ]
एजेन्ट	e dz e n ʈ	eːɟˈeːnʈ	audio	no	
एड्भान्स	e ɖ bʱ a n s	eːɖbʰˈaːns	audio	no	
एण्ड	e n ɖ	ˈeːnɖ	audio	no	
एथलेटिक्स	e t̪ʰ l e ʈ i k s ʌ	ˌeːtʰleːʈˈɪksˌə	audio	no	
एथ्लेटिक्सबाट	e t̪ʰ l e ʈ i k s b a ʈ ʌ	ˈeːtʰleːʈˌɪksbˌaːʈˌə	audio	no	
एन	e n	ˈeːn	owner	no	
एनआरएन	e n ʌ a r ʌ e n	ˌeːnəˌaːɾəˈeːn	audio	no	
एन्टिथेफ्ट	e n ʈ i t̪ʰ e pʰ ʈ	ˌeːnʈɪtʰˈeːpʰʈ	audio	no	
एन्ड	e n ɖ	ˈeːnɖ	audio	no	
एपमार्फत्	e p m a r pʰ ʌ t̪	ˌeːpmˈaːɾpʰət	audio	no	
एप्स	e p s	ˈeːps	audio	no	
एप्सबाट	e p s b a ʈ ʌ	ˈeːpsbˌaːʈˌə	audio	no	
एमडी	e m ɖ i	ˈeːmɖˌiː	audio	no	
एमडीएमएम	e m ɖ i e m ʌ e m	ˌeːmɖˌɪːeːməˈeːm	audio	no	
एमडीएमएस	e m ɖ i e m ʌ e s	ˌeːmɖˌɪːeːməˈeːs	audio	no	
एमडीएमएसमा	e m ɖ i e m ʌ e s m a	ˌeːmɖˌɪːeːməˈeːsmˌaː	audio	no	
एमेजोनबाटै	e m e dz o n b a ʈ ʌi	ˌeːmeːɟˌoːnbˈaːʈai	audio	no	
एम्बुलेन्स	e m b u l e n s	ˌeːmbulˈeːns	audio	no	
एम्बुलेन्सको	e m b u l e n s k o	ˌeːmbulˈeːnskˌoː	audio	no	
एम्बुलेन्सबाट	e m b u l e n s b a ʈ ʌ	ˌeːmbulˈeːnsbˌaːʈˌə	audio	no	
एम्बुलेन्समा	e m b u l e n s m a	ˌeːmbulˈeːnsmˌaː	audio	no	
एयरपोर्टबाट	e j ʌ r p o r ʈ b a ʈ ʌ	ˌeːjəɾpˈoːɾʈbˌaːʈˌə	audio	no	
एयरपोर्टमा	e j ʌ r p o r ʈ m a	ˌeːjəɾpˈoːɾʈmˌaː	audio	no	
एयरलाइन्सको	e j ʌ r l a i n s ʌ k o	ˌeːjəɾlˌaːˈɪnsəkˌoː	audio	no	
एयरविन्ड	e j ʌ r ʌ w i n ɖ	ˌeːjəɾəwˈɪnɖ	audio	no	
एलसी	e l s i	ˈeːlsˌiː	audio	no	
एलसीमार्फत	e l s i m a r pʰ ʌ t̪	ˌeːlsɪːmˈaːɾpʰət	audio	no	
एलाइन्सका	e l a i n s k a	ˌeːlaːˈɪnskˌaː	audio	no	
एशिया	e s i j a	ˈeːsɪjˌaː	agree	yes	[esijä]
एस	e s	ˈeːs	agree	yes	[es]
एसएलसीसम्म	e s ʌ e l s i s ʌ m m ʌ	ˌeːsəˌeːlsɪːsˈʌmmˌə	audio	no	
एसएसपी	e s ʌ e s p i	ˌeːsəˈeːspˌiː	audio	no	
एसपी	e s p i	ˈeːspˌiː	audio	no	
एसरी	e s ʌ r i	ˈeːsəɾˌiː	agree	yes	[esʌɾi]
एसिया	e s i j a	ˈeːsɪjˌaː	agree	yes	[esijä]
एसेप्ट	e s e p ʈ	eːsˈeːpʈ	audio	no	
एसोसिएसको	e s o s i e s ʌ k o	ˌeːsoːsɪˈeːsəkˌoː	audio	yes	
एस्तो	e s t̪ o	ˈeːstoː	agree	yes	[est̪o]
ऐतिहासिक	ʌi t̪ i ɦ a s i k	ˌaitɪhˈaːsɪk	agree	no	[ʌi̯t̪i(ɦ)äsik]
ऐना	ʌi n a	ˈainaː	agree	yes	[ʌi̯nä]
ओइ	o i	ˈoːɪ	agree	yes	[oi̯]
ओखर्	o kʰ ʌ r	ˈoːkʰəɾ	agree	yes	[ok̞ʰʌr]
ओखल	o kʰ ʌ l	ˈoːkʰəl	agree	yes	[ok̞ʰʌl]
ओठ	o ʈʰ	ˈoːʈʰ	agree	yes	[oʈʰ]
ओहायो	o ɦ a j o	oːhˈaːjoː	agree	yes	[oɦäjo]
औपचारिकता	ʌu p ts a r i k ʌ t̪ a	ˌʌupcˈaːɾɪkˌətaː	audio	no	
औलो	ʌu l o	ˈʌuloː	agree	yes	[ʌu̯lo]
कञ्चनपुर	k ʌ n ts ʌ n p u r	kˈʌncənpˌuɾ	audio	no	
कटाउनु	k ʌ ʈ a u n u	kəʈˈaːʊnˌu	agree	yes	[kʌʈäu̯nu]
कटि	k ʌ ʈ i	kˈʌʈɪ	agree	yes	[kʌʈi]
कटी	k ʌ ʈ i	kˈʌʈi	agree	yes	[kʌʈi]
कट्टी	k ʌ ʈ ʈ i	kˈʌʈʈˌiː	agree	yes	[kʌʈ̚ʈi]
कट्नु	k ʌ ʈ n u	kˈʌʈnˌu	agree	no	[kʌʈɳu]
कति	k ʌ t̪ i	kˈʌtɪ	agree	yes	[kʌt̪i]
कतिपय	k ʌ t̪ i p ʌ j	kˈʌtɪpˌəj	audio	no	
कतिपयमा	k ʌ t̪ i p ʌ j m a	kˈʌtɪpˌəjmˌaː	audio	no	
कतिपयले	k ʌ t̪ i p ʌ j l e	kˈʌtɪpˌəjlˌeː	audio	no	
कत्रनु	k ʌ t̪ r ʌ n u	kˈʌtɾənˌu	agree	yes	[kʌt̪rʌnu]
कदमबारे	k ʌ d̪ ʌ m b a r e	kˌədəmbˈaːɾeː	audio	no	
कदर	k ʌ d̪ ʌ r	kˈʌdəɾ	agree	no	[kʌd̪ʌr]
कनेक्ट	k ʌ n e k ʈ	kənˈeːkʈ	audio	no	
कन्जरभेटिभ	k ʌ n dz ʌ r bʱ e ʈ i bʱ	kˌənɟəɾbʰˈeːʈɪbʰ	audio	no	
कन्टेन्टहरू	k ʌ n ʈ e n ʈ ɦ ʌ r u	kənʈˈeːnʈhˌəɾuː	audio	no	
कन्डिसन्स	k ʌ n ɖ i s ʌ n s	kˌənɖɪsˈʌns	audio	no	
कन्या	k ʌ n j a	kˈʌnjaː	agree	yes	[kʌnjä] / [kʌnːjä]
कन्सलटेन्सी	k ʌ n s ʌ l ʈ e n s i	kˌənsəlʈˈeːnsi	audio	no	
कन्सलट्यान्ट	k ʌ n s ʌ l ʌ ʈ j a n ʈ	kˌənsələʈjˈaːnʈ	audio	no	
कन्स्ट्रक्सनका	k ʌ n s ʈ r ʌ k s ʌ n ʌ k a	kənsʈɾˈʌksənˌəkaː	audio	yes	
कपाल	k ʌ p a l	kəpˈaːl	agree	yes	[kʌpäl]
कपास	k ʌ p a s	kəpˈaːs	agree	yes	[kʌpäs]
कप्तान	k ʌ p t̪ a n	kəptˈaːn	agree	yes	[kʌp̚t̪än]
कप्नु	k ʌ p n u	kˈʌpnˌu	agree	no	[kʌpnu]
कफी	k ʌ pʰ i	kˈʌpʰi	agree	yes	[kʌɸi]
कभर	k ʌ bʱ ʌ r ʌ	kˈʌbʰəɾˌə	audio	yes	
कमजोर	k ʌ m dz o r	kˌəmɟˈoːɾ	owner	no	
कमजोरी	k ʌ m dz o r i	kˌəmɟˈoːɾi	audio	no	
कमजोरीका	k ʌ m dz o r i k a	kˌəmɟoːɾˈɪːkaː	audio	no	
कमजोरीबारे	k ʌ m dz o r i b a r e	kˌəmɟˌoːɾɪːbˈaːɾeː	audio	no	
कमर्सियल	k ʌ m ʌ r s i j ʌ l ʌ	kəmˈʌɾsɪjˌəlˌə	audio	no	
कमल	k ʌ m ʌ l	kˈʌməl	owner	yes	
कमसेकम	k ʌ m s e k ʌ m	kˌəmsˈeːkəm	audio	no	
कमाउनु	k ʌ m a u n u	kəmˈaːʊnˌu	agree	yes	[kʌmäu̯nu]
कमिज	k ʌ m i dz	kˈʌmɪɟ	agree	yes	[kʌmi(d)z]
कमिला	k ʌ m i l a	kˈʌmɪlˌaː	agree	yes	[kʌmilä]
कमिलो	k ʌ m i l o	kˈʌmɪlˌoː	agree	yes	[kʌmilo]
कमीज	k ʌ m i dz	kəmˈɪːɟ	agree	yes	[kʌmi(d)z]
कमेन्ट	k ʌ m e n ʈ	kəmˈeːnʈ	audio	no	
कम्पनी	k ʌ m p ʌ n i	kˈʌmpənˌiː	agree	yes	[kʌmpʌni]
कम्प्युटर	k ʌ m p j u ʈ ʌ r	kˈʌmpjuʈˌəɾ	agree	no	[kʌmpjuʈʌr]
कम्बल	k ʌ m b ʌ l	kˈʌmbəl	agree	yes	[kʌmbʌl]
कम्मर	k ʌ m m ʌ r	kˈʌmmˌəɾ	agree	no	[kʌmːʌr]
कम्युनिष्ट	k ʌ m j u n i s ʈ	kˌəmjunˈɪsʈ	audio	no	[kʌmjunis̠t̠]
कम्युनिस्ट	k ʌ m j u n i s ʈ	kˌəmjunˈɪsʈ	audio	no	
कम्युनिस्टहरू	k ʌ m j u n i s ʈ ɦ ʌ r u	kˌəmjunˈɪsʈhˌəɾuː	audio	no	
कम्लेक्स	k ʌ m l e k s	kəmlˈeːks	audio	no	
करङ	k ʌ r ʌ ŋ	kˈʌɾəŋ	agree	yes	[kʌɾʌŋ]
कराउनु	k ʌ r a u n u	kəɾˈaːʊnˌu	agree	yes	[kʌɾäu̯nu]
करेन्ट	k ʌ r e n ʈ	kəɾˈeːnʈ	audio	no	
करोड	k ʌ r o ɖ	kəɾˈoːɖ	agree	yes	[kʌɾoɽ]
कर्णाली	k ʌ r n a l i	kəɾnˈaːli	agree	no	[kʌrɽ̃äli]
कलकारखानालाई	k ʌ l k a r ʌ kʰ a n a l a i	kˌəlkˌaːɾəkʰˌaːnaːlˈaːi	audio	no	
कलम	k ʌ l ʌ m	kˈʌləm	agree	no	[kʌlʌm]
कलश	k ʌ l ʌ s	kˈʌləs	agree	yes	[kʌlʌs]
कलाकारको	k ʌ l a k a r ʌ k o	kˌəlaːkˈaːɾəkˌoː	audio	yes	
कलेजो	k ʌ l e dz o	kəlˈeːɟoː	agree	yes	[kʌle(d)zo]
कश्मीर	k ʌ s m i r ʌ	kəsmˈɪːɾˌə	audio	yes	
कसको	k ʌ s k o	kˈʌskˌoː	agree	no	[kʌsko]
कसमा	k ʌ s m a	kˈʌsmˌaː	agree	no	[kʌsmä]
कसरी	k ʌ s ʌ r i	kˈʌsəɾˌiː	agree	yes	[kʌsʌɾi] / [kʌhʌɾi] / [kʌxʌɾi]
कसलाई	k ʌ s l a i	kˌəslˈaːi	agree	no	[kʌsläi̯]
कसले	k ʌ s l e	kˈʌslˌeː	agree	no	[kʌsle] / [kʌlle] / [kɔlle] / [kɔsle]
कसैले	k ʌ s ʌi l e	kəsˈaileː	agree	yes	[kʌsʌi̯le]
कस्को	k ʌ s k o	kˈʌskoː	agree	yes	[kʌsko]
कस्तो	k ʌ s t̪ o	kˈʌstoː	agree	yes	[kʌst̪o]
काँच	k ã ts	kˈãc	agree	yes	[kä̃t͡s]
काँसो	k ã s o	kãsˈoː	agree	yes	[kä̃so]
कांग्रेस	k a ŋ g r e s	kˈaːŋɡɾeːs	agree	yes	[käŋɡres]
काका	k a k a	kˈaːkaː	agree	yes	[käkä]
काकी	k a k i	kˈaːki	agree	yes	[käki]
काख	k a kʰ	kˈaːkʰ	agree	yes	[käk̞ʰ]
कागज	k a g ʌ dz	kˈaːɡəɟ	agree	yes	[käɡ̞ʌ(d)z]
कागत	k a g ʌ t̪	kˈaːɡət	agree	yes	[käɡ̞ʌt̪] / [käɡ̞ʌ(d)z] / [käɡ̞ʌd̪]
कागती	k a g ʌ t̪ i	kˈaːɡətˌiː	agree	yes	[käɡ̞ʌt̪i]
काछ्	k a tsʰ	kˈaːcʰ	agree	yes	[kät͡sʰ]
काजी	k a dz i	kˈaːɟi	agree	yes	[kä(d)zi]
काट्नु	k a ʈ n u	kˈaːʈnˌu	agree	no	[käʈɳu]
काठमाडौँ	k a ʈʰ m a ɖ ʌũ	kˌaːʈʰmˈaːɖʌũ	owner	no	[käʈʰmäɳɖu] / [käʈʰmäɽʌ̃ũ̯]
काठमाडौँका	k a ʈʰ m a ɖ ʌũ k a	kˌaːʈʰmˌaːɖʌũkˈaː	audio	no	
काठमाडौँको	k a ʈʰ m a ɖ ʌũ k o	kˌaːʈʰmˌaːɖʌũkˈoː	audio	no	
काठमाडौँबाट	k a ʈʰ m a ɖ ʌũ b a ʈ ʌ	kˌaːʈʰmˌaːɖʌũbˈaːʈˌə	audio	no	
काठमाडौँमा	k a ʈʰ m a ɖ ʌũ m a	kˌaːʈʰmˌaːɖʌũmˈaː	audio	no	
काठमाडौँमै	k a ʈʰ m a ɖ ʌũ m ʌi	kˌaːʈʰmˌaːɖʌũmˈai	audio	no	
काठमाडौँलाई	k a ʈʰ m a ɖ ʌũ l a i	kˌaːʈʰmˌaːɖʌũlˈaːi	audio	no	
काठमाडौँसँगै	k a ʈʰ m a ɖ ʌũ s ʌ̃ g ʌi	kˌaːʈʰmˌaːɖʌũsˈʌ̃ɡˈai	audio	no	
काठमाडौं	k a ʈʰ m a ɖ ʌũ	kˌaːʈʰmaːɖˈʌũ	owner	no	[käʈʰmäɳɖu] / [käʈʰmäɽʌ̃ũ̯]
काठमाडौंका	k a ʈʰ m a ɖ ʌũ k a	kˌaːʈʰmaːɖˈʌũkaː	audio	no	
काठमाडौंको	k a ʈʰ m a ɖ ʌũ k o	kˌaːʈʰmaːɖˈʌũkoː	audio	no	
काठमाडौंबाटै	k a ʈʰ m a ɖ ʌu m b a ʈ ʌi	kˌaːʈʰmaːɖˈʌumbaːʈˌai	audio	no	
काठमाडौंमा	k a ʈʰ m a ɖ ʌũ m a	kˌaːʈʰmaːɖˈʌũmaː	audio	no	
कात्तिक	k a t̪ t̪ i k	kˈaːttˌɪk	agree	no	[kät̪̚t̪ik]
कानु	k a n u	kˈaːnˌu	agree	no	[känu]
कानुनीरूपमै	k a n u n i r u p m ʌi	kˌaːnunɪːɾˈuːpmˌai	audio	no	
कापी	k a p i	kˈaːpi	agree	yes	[käpi] / [kʌpi]
काफल	k a pʰ ʌ l	kˈaːpʰəl	agree	yes	[käɸʌl]
काभ्रेपलाञ्चोककै	k a bʱ r e p l a n ts o k ʌ k ʌi	kˌaːbʰɾeːplˈaːncoːkˌəkai	audio	no	
काम	k a m	kˈaːm	agree	no	[käm]
कामकाजी	k a m k a dz i	kˌaːmkˈaːɟi	audio	no	
कामदार	k a m d̪ a r	kˌaːmdˈaːɾ	audio	no	
कामदारको	k a m d̪ a r k o	kˌaːmdˈaːɾkˌoː	audio	no	
कामना	k a m ʌ n a	kˈaːmənˌaː	agree	yes	[kämʌnä]
कामी	k a m i	kˈaːmi	agree	yes	[kämi]
काम्लो	k a m l o	kˈaːmloː	agree	yes	[kämlo]
कार	k a r	kˈaːɾ	agree	no	[kär]
कारखाना	k a r kʰ a n a	kˌaːɾkʰˈaːnaː	audio	no	
कारखानाका	k a r kʰ a n a k a	kˌaːɾkʰaːnˈaːkaː	audio	no	
कारखानाको	k a r kʰ a n a k o	kˌaːɾkʰaːnˈaːkoː	audio	no	
कारखानाभित्र	k a r kʰ a n a bʱ i t̪ r ʌ	kˌaːɾkʰˌaːnaːbʰˈɪtɾˌə	audio	no	
कारखानामा	k a r kʰ a n a m a	kˌaːɾkʰaːnˈaːmaː	audio	no	
कारखानालाई	k a r kʰ a n a l a i	kˌaːɾkʰˌaːnaːlˈaːi	audio	no	
कारखानाले	k a r kʰ a n a l e	kˌaːɾkʰaːnˈaːleː	audio	no	
कारखानासँग	k a r kʰ a n a s ʌ̃ g ʌ	kˌaːɾkʰˌaːnaːsˈʌ̃ɡˌə	audio	no	
कारबाही	k a r b a ɦ i	kˌaːɾbˈaːhi	audio	no	
कारबाहीको	k a r b a ɦ i k o	kˌaːɾbaːhˈɪːkoː	audio	no	
कारवाही	k a r w a ɦ i	kˌaːɾwˈaːhi	audio	no	
कारवाहीका	k a r w a ɦ i k a	kˌaːɾwˈaːhɪːkˌaː	audio	no	
कार्तिकेय	k a r t̪ i k e j ʌ	kˈaːɾtɪkˌeːjˌə	agree	no	[kärt̪ike(j)ʌ]
कार्त्तिक	k a r t̪ t̪ i k	kˈaːɾttˌɪk	agree	no	[kärt̪̚t̪ik]
कार्यक्रमबीच	k a r j ʌ k r ʌ m b i ts	kˈaːɾjəkɾˌəmbˌɪːc	audio	no	
कार्यलयहरूले	k a r j ʌ l ʌ j ɦ ʌ r u l e	kˈaːɾjəlˌəjhˌəɾuːlˌeː	audio	no	
कार्यलाई	k a r j l a i	kˈaːɾjlˌaːi	audio	no	
कार्यालय	k a r j a l ʌ j	kˈaːɾjaːlˌəj	owner	no	
कार्यालयका	k a r j a l ʌ j k a	kˈaːɾjaːlˌəjkˌaː	audio	no	
कार्यालयको	k a r j a l ʌ j k o	kˈaːɾjaːlˌəjkˌoː	audio	no	
कार्यालयबाट	k a r j a l ʌ j b a ʈ ʌ	kˈaːɾjaːlˌəjbˌaːʈˌə	audio	no	
कार्यालयमा	k a r j a l ʌ j m a	kˈaːɾjaːlˌəjmˌaː	audio	no	
कार्यालयमार्फत	k a r j a l ʌ j m a r pʰ ʌ t̪	kˌaːɾjaːlˌəjmˈaːɾpʰət	audio	no	
कार्यालयले	k a r j a l ʌ j l e	kˈaːɾjaːlˌəjlˌeː	audio	no	
कार्यालयहरूमा	k a r j a l ʌ j ɦ ʌ r u m a	kˈaːɾjaːlˌəjhˌəɾuːmˌaː	audio	no	
कालमोचन	k a l m o ts ʌ n	kˌaːlmˈoːcən	audio	no	
कालो	k a l o	kˈaːloː	agree	yes	[kälo]
कालोपाटी	k a l o p a ʈ i	kˌaːloːpˈaːʈi	agree	yes	[kälopäʈi]
किचन	k i ts ʌ n	kˈɪcən	owner	yes	
किड्स	k i ɖ s	kˈɪɖs	audio	no	
किताप	k i t̪ a p	kɪtˈaːp	agree	yes	[kit̪äp]
किताब	k i t̪ a b	kɪtˈaːb	agree	yes	[kit̪äb]
किताबहरू	k i t̪ a b ɦ ʌ r u	kɪtˈaːbhˌəɾuː	agree	no	[kit̪äb‿ɦʌɾu]
किन	k i n ʌ	kˈɪnˌə	agree	no	[kinʌ]
किनकि	k i n ʌ k i	kˈɪnəkˌɪ	agree	yes	[kinʌki]
किनकिन	k i n ʌ k i n ʌ	kˈɪnəkˌɪnˌə	audio	no	
किन्दिन	k i n d̪ i n ʌ	kˈɪndɪnˌə	audio	yes	
किन्नु	k i n n u	kˈɪnnˌu	agree	no	[kinːu]
किबोर्डको	k i b o r ɖ k o	kɪbˈoːɾɖkˌoː	audio	no	
किरणकै	k i r ʌ n k ʌi	kˈɪɾənkˌai	audio	no	
किरा	k i r a	kˈɪɾaː	agree	yes	[kiɾä]
किराना	k i r a n a	kɪɾˈaːnaː	agree	yes	[kiɾänä]
किलोग्राममाथि	k i l o g r a m m a t̪ʰ i	kɪlˈoːɡɾaːmmˌaːtʰˌɪ	audio	no	
किशोर	k i s o r	kɪsˈoːɾ	agree	no	[kisor]
किसान	k i s a n ʌ	kɪsˈaːnˌə	audio	no	
कीटनाशक	k i ʈ n a s ʌ k	kˌɪːʈnˈaːsək	audio	no	
कीरा	k i r a	kˈɪːɾaː	agree	yes	[kiɾä]
कुइरे	k u i r e	kˈuɪɾˌeː	agree	yes	[kui̯ɾe]
कुइरो	k u i r o	kˈuɪɾˌoː	agree	yes	[kui̯ɾo]
कुक्कुर	k u k k u r	kˈukkˌuɾ	owner	no	[kuk̚kuɾʌ]
कुखुरा	k u kʰ u r a	kˈukʰuɾˌaː	agree	yes	[kuk̞ʰuɾä]
कुचो	k u ts o	kˈucoː	agree	yes	[kut͡so]
कुटपिट	k u ʈ p i ʈ	kˈuʈpˌɪʈ	audio	no	
कुटपिटको	k u ʈ p i ʈ k o	kˈuʈpˌɪʈkˌoː	audio	no	
कुट्नु	k u ʈ n u	kˈuʈnˌu	agree	no	[kuʈɳu]
कुद्नु	k u d̪ n u	kˈudnˌu	agree	no	[kud̪n̪u]
कुन	k u n	kˈun	owner	yes	[kunʌ]
कुनै	k u n ʌi	kˈunai	agree	yes	[kunʌi̯]
कुबिर्	k u b i r	kˈubɪɾ	agree	yes	[kubir]
कुमारी	k u m a r i	kumˈaːɾi	agree	yes	[kumäɾi]
कुरा	k u r a	kˈuɾaː	agree	yes	[kuɾä]
कुरामा	k u r a m a	kuɾˈaːmaː	agree	yes	[kuɾämä]
कुरी	k u r i	kˈuɾi	agree	yes	[kuɾi]
कुलमान	k u l m a n	kˌulmˈaːn	audio	no	
कुलो	k u l o	kˈuloː	agree	yes	[kulo]
कुशल	k u s ʌ l	kˈusəl	agree	yes	[kusʌl]
कृपया	k r i p ʌ j a	kɾˈɪpəjˌaː	agree	yes	[kirpʌjä] / [kɾipʌjä]
के	k e	kˈeː	agree	yes	[ke]
केंद्र	k e n d̪ r ʌ	kˈeːndɾˌə	agree	yes	[ken̪d̪rʌ]
केई	k e i	kˈeːi	agree	yes	[kei̯]
केको	k e k o	kˈeːkoː	agree	yes	[keko]
केटा	k e ʈ a	kˈeːʈaː	agree	yes	[keʈä]
केटी	k e ʈ i	kˈeːʈi	agree	yes	[keʈi]
केमा	k e m a	kˈeːmaː	agree	yes	[kemä]
केरा	k e r a	kˈeːɾaː	agree	yes	[keɾä]
केराउ	k e r a u	keːɾˈaːʊ	agree	yes	[keɾäu̯]
केलाई	k e l a i	keːlˈaːi	agree	yes	[keläi̯]
केले	k e l e	kˈeːleː	agree	yes	[kele]
केवल	k e w ʌ l ʌ	kˈeːwəlˌə	audio	no	
केही	k e ɦ i	kˈeːhi	agree	yes	[kei̯] / [keɦi]
केहीबेर	k e ɦ i b e r	kˌeːhɪːbˈeːɾ	audio	no	
केहीबेरमा	k e ɦ i b e r m a	kˌeːhɪːbˈeːɾmˌaː	audio	no	
कैले	k ʌi l e	kˈaileː	agree	yes	[kʌi̯le]
को	k o	kˈoː	agree	yes	[ko]
कोइलि	k o i l i	kˈoːɪlˌɪ	agree	yes	[koi̯li]
कोई	k o i	kˈoːi	agree	yes	[koi̯]
कोट्याउनु	k o ʈ j a u n u	kˈoːʈjaːˌʊnu	agree	no	[koʈjäu̯nu]
कोठा	k o ʈʰ a	kˈoːʈʰaː	agree	yes	[koʈʰä]
कोठि	k o ʈʰ i	kˈoːʈʰɪ	agree	yes	[koʈʰi]
कोठो	k o ʈʰ o	kˈoːʈʰoː	agree	yes	[koʈʰo]
कोण	k o n ʌ	kˈoːnˌə	audio	no	
कोतर्नु	k o t̪ ʌ r n u	koːtˈʌɾnˌu	agree	no	[kot̪ʌrnu]
कोबाल्ट	k o b a l ʈ	koːbˈaːlʈ	audio	no	
कोर्स	k o r s	kˈoːɾs	audio	no	
कोलकाता	k o l k a t̪ a	kˌoːlkˈaːtaː	owner	no	[kolkät̪ä]
कोशिश	k o s i s	kˈoːsɪs	agree	yes	[kosis]
कोशिस	k o s i s ʌ	kˈoːsɪsˌə	audio	no	
कोशी	k o s i	kˈoːsi	agree	yes	[kosi]
कोषमार्फत	k o s m a r pʰ ʌ t̪	kˌoːsmˈaːɾpʰət	audio	no	
कोषराज	k o s r a dz	kˌoːsɾˈaːɟ	audio	no	
कोसँग	k o s ʌ̃ g ʌ	koːsˈʌ̃ɡˌə	audio	no	
कोसी	k o s i	kˈoːsi	agree	yes	[kosi]
कोहलपुर	k o ɦ ʌ l p u r	kˈoːhəlpˌuɾ	audio	no	
कौतुहलतासँगै	k ʌu t̪ u ɦ ʌ l t̪ a s ʌ̃ g ʌi	kˌʌutuhˌəltˌaːsʌ̃ɡˈai	audio	no	
कौशलकिशोर	k ʌu s ʌ l k i s o r	kˌʌusəlkˌɪsˈoːɾ	audio	no	
क्यानभासमा	k j a n bʱ a s m a	kjˌaːnbʰˈaːsmˌaː	audio	no	
क्यानाडा	k j a n a ɖ a	kjaːnˈaːɖaː	agree	yes	[kjänäɽä]
क्याम्पसटुकुचाको	k j a m p ʌ s ʈ u k u ts a k o	kjˈaːmpəsʈˌukˌucaːkˌoː	audio	no	
क्रमशः	k r ʌ m ʌ s ʌ ɦ	kɾˈʌməsˌəh	audio	yes	
क्रिकेट	k r i k e ʈ	kɾɪkˈeːʈ	agree	yes	[krikeʈ]
क्रिमिनल	k r i m i n ʌ l ʌ	kɾˈɪmɪnˌəlˌə	audio	no	
क्लास	k l a s	klˈaːs	agree	yes	[kläs]
क्लासमै	k l a s m ʌi	klˈaːsmˌai	audio	no	
क्वीन्सल्यान्डमा	k w i n s ʌ l j a n ɖ m a	kwˈɪːnsəljˌaːnɖmˌaː	audio	no	
क्षयरोग	k tsʰ ʌ j ʌ r o g	kʂˌəjəɾˈoːɡ	owner	no	[t͡sʰʌeɾoɡ̞]
क्षेत्रफलभित्र	k tsʰ e t̪ r ʌ pʰ ʌ l bʱ i t̪ r ʌ	kʂˌeːtɾəpʰˌəlbʰˈɪtɾˌə	audio	no	
खङ्ग्रङ्ङ	kʰ ʌ ŋ g r ʌ ŋ ŋ ʌ	kʰəŋɡɾˈʌŋŋˌə	audio	yes	
खञ्जर	kʰ ʌ n dz ʌ r	kʰˈʌnɟəɾ	agree	no	[kʰʌn̻d͡zʌr]
खटिरहेका	kʰ ʌ ʈ i r ɦ e k a	kʰˌəʈɪɾhˈeːkaː	audio	no	
खतरनाक	kʰ ʌ t̪ ʌ r n a k	kʰˌətəɾnˈaːk	audio	no	[kʰʌt̪ʌrnäk]
खतरा	kʰ ʌ t̪ r a	kʰˈʌtɾˌaː	audio	no	
खत्रिनी	kʰ ʌ t̪ r i n i	kʰˈʌtɾɪnˌiː	agree	yes	[kʰʌt̪rini]
खत्री	kʰ ʌ t̪ r i	kʰˈʌtɾi	agree	yes	[kʰʌt̪ri]
खनाति	kʰ ʌ n a t̪ i	kʰənˈaːtɪ	agree	yes	[kʰʌnät̪i]
खनातिनि	kʰ ʌ n a t̪ i n i	kʰənˈaːtɪnˌɪ	agree	yes	[kʰʌnät̪ini]
खनातिनी	kʰ ʌ n a t̪ i n i	kʰənˈaːtɪnˌiː	agree	yes	[kʰʌnät̪ini]
खनाती	kʰ ʌ n a t̪ i	kʰənˈaːti	agree	yes	[kʰʌnät̪i]
खन्	kʰ ʌ n	kʰˈʌn	agree	yes	[kʰʌn]
खन्नु	kʰ ʌ n n u	kʰˈʌnnˌu	agree	no	[kʰʌnːu]
खबर	kʰ ʌ b ʌ r	kʰˈʌbəɾ	agree	no	[kʰʌbʌr]
खबरदारी	kʰ ʌ b ʌ r d̪ a r i	kʰˌəbəɾdˈaːɾi	audio	no	
खर	kʰ ʌ r	kʰˈʌɾ	agree	no	[kʰʌr]
खरब	kʰ ʌ r ʌ b	kʰˈʌɾəb	agree	yes	[kʰʌɾʌb]
खराब	kʰ ʌ r a b	kʰəɾˈaːb	agree	yes	[kʰʌɾäb]
खरी	kʰ ʌ r i	kʰˈʌɾi	agree	yes	[kʰʌɾi]
खरीमट्टी	kʰ ʌ r i m ʌ ʈ ʈ i	kʰˌəɾɪːmˈʌʈʈˌiː	agree	yes	[kʰʌɾimʌʈ̚ʈi]
खर्ब	kʰ ʌ r b ʌ	kʰˈʌɾbˌə	agree	no	[kʰʌrbʌ]
खल्ती	kʰ ʌ l t̪ i	kʰˈʌlti	agree	yes	[kʰʌl̪t̪i]
खस	kʰ ʌ s	kʰˈʌs	agree	yes	[kʰʌs]
खसी	kʰ ʌ s i	kʰˈʌsi	agree	yes	[kʰʌsi]
खस्नु	kʰ ʌ s n u	kʰˈʌsnˌu	agree	no	[kʰʌsnu]
खा	kʰ a	kʰˈaː	agree	yes	[kʰä]
खाइरहेका	kʰ a i r ɦ e k a	kʰˌaːɪɾhˈeːkaː	audio	no	
खाऊ	kʰ a u	kʰˈaːʊ	agree	yes	[kʰäu̯]
खाग्	kʰ a g	kʰˈaːɡ	agree	yes	[kʰäɡ̞]
खाजा	kʰ a dz a	kʰˈaːɟaː	agree	yes	[kʰä(d)zä]
खाडल	kʰ a ɖ ʌ l	kʰˈaːɖəl	agree	yes	[kʰäɽʌl]
खाता	kʰ a t̪ a	kʰˈaːtaː	agree	yes	[kʰät̪ä]
खाते	kʰ a t̪ e	kʰˈaːteː	agree	yes	[kʰät̪e]
खान	kʰ a n ʌ	kʰˈaːnˌə	audio	no	
खानदानकी	kʰ a n d̪ a n k i	kʰˌaːndˈaːnkˌiː	audio	no	
खानदानमा	kʰ a n d̪ a n m a	kʰˌaːndˈaːnmˌaː	audio	no	
खाना	kʰ a n a	kʰˈaːnaː	agree	yes	[kʰänä]
खानु	kʰ a n u	kʰˈaːnˌu	agree	no	[kʰänu]
खानेकुरा	kʰ a n e k u r a	kʰaːnˈeːkuɾˌaː	agree	yes	[kʰänekuɾä]
खाल्टो	kʰ a l ʈ o	kʰˈaːlʈoː	agree	yes	[kʰäɭʈo]
खाल्डो	kʰ a l ɖ o	kʰˈaːlɖoː	agree	yes	[kʰäɭɖo] / [kʰäɭʈo]
खासखुस	kʰ a s kʰ u s	kʰˈaːskʰˌus	audio	no	
खिइनु	kʰ i i n u	kʰˈɪɪnˌu	agree	yes	[kʰii̯nu]
खिजिनु	kʰ i dz i n u	kʰˈɪɟɪnˌu	agree	no	[kʰi(d)zinu]
खियाउनु	kʰ i j a u n u	kʰɪjˈaːʊnˌu	agree	yes	[kʰijäu̯nu]
खिर्कि	kʰ i r k i	kʰˈɪɾkɪ	agree	no	[kʰirki]
खीर	kʰ i r	kʰˈɪːɾ	owner	no	[kʰiɾʌ]
खुकुरी	kʰ u k u r i	kʰˈukuɾˌiː	agree	yes	[kʰukuɾi]
खुट्टा	kʰ u ʈ ʈ a	kʰˈuʈʈˌaː	agree	yes	[kʰuʈ̚ʈä]
खुर्सानी	kʰ u r s a n i	kʰuɾsˈaːni	agree	no	[kʰursäni]
खुला	kʰ u l a	kʰˈulaː	agree	yes	[kʰulä]
खुवाउनु	kʰ u w a u n u	kʰuwˈaːʊnˌu	agree	yes	[kʰuwäu̯nu]
खुशी	kʰ u s i	kʰˈusi	agree	yes	[kʰusi]
खुसी	kʰ u s i	kʰˈusi	agree	yes	[kʰusi]
खेतबारी	kʰ e t̪ b a r i	kʰˌeːtbˈaːɾi	audio	no	
खेतबारीमा	kʰ e t̪ b a r i m a	kʰˌeːtbaːɾˈɪːmaː	audio	no	
खेती	kʰ e t̪ i	kʰˈeːti	agree	yes	[kʰet̪i]
खेल	kʰ e l	kʰˈeːl	agree	yes	[kʰel]
खेलकुद	kʰ e l k u d̪	kʰˈeːlkˌud	audio	no	[kʰelkud̪]
खेलकुदका	kʰ e l k u d̪ k a	kʰˈeːlkˌudkˌaː	audio	no	
खेलकुदको	kʰ e l k u d̪ k o	kʰˈeːlkˌudkˌoː	audio	no	
खेलकुदमा	kʰ e l k u d̪ m a	kʰˈeːlkˌudmˌaː	audio	no	
खेलकुदलाई	kʰ e l k u d̪ l a i	kʰˌeːlkˌudlˈaːi	audio	no	
खेलवाड	kʰ e l w a ɖ	kʰˌeːlwˈaːɖ	audio	no	
खेल्नु	kʰ e l n u	kʰˈeːlnˌu	agree	no	[kʰelnu]
खेवा	kʰ e w a	kʰeːwˈaː	agree	yes	[kʰewä]
खैरो	kʰ ʌi r o	kʰˈaiɾoː	agree	yes	[kʰʌi̯ɾo]
खोजिरहेका	kʰ o dz i r ɦ e k a	kʰˌoːɟɪɾhˈeːkaː	audio	no	
खोजिरहेको	kʰ o dz i r ɦ e k o	kʰˌoːɟɪɾhˈeːkoː	audio	no	
खोज्नु	kʰ o dz n u	kʰˈoːɟnˌu	agree	no	[kʰo(d)znu]
खोरण्डो	kʰ o r ʌ n ɖ o	kʰoːɾˈʌnɖoː	agree	yes	[kʰoɾʌɳɖo]
खोर्सानी	kʰ o r s a n i	kʰˈoːɾsaːnˌiː	agree	no	[kʰorsäni]
खोल	kʰ o l	kʰˈoːl	agree	yes	[kʰol] / [kʰo.lʌ]
खोला	kʰ o l a	kʰˈoːlaː	agree	yes	[kʰolä]
खोल्नु	kʰ o l n u	kʰˈoːlnˌu	agree	no	[kʰolnu]
गँगटा	g ʌ̃ g ʌ ʈ a	ɡʌ̃ɡˈʌʈaː	agree	yes	[ɡʌ̃ɡ̞ʌʈä]
गइरहेका	g ʌ i r ɦ e k a	ɡˌəɪɾhˈeːkaː	audio	no	
गइरहेको	g ʌ i r ɦ e k o	ɡˌəɪɾhˈeːkoː	audio	no	
गएको	g ʌ e k o	ɡəˈeːkoː	agree	yes	[ɡʌeko]
गगन	g ʌ g ʌ n	ɡˈʌɡən	agree	yes	[ɡʌɡ̞ʌn]
गङटो	g ʌ ŋ ʌ ʈ o	ɡˈʌŋəʈˌoː	agree	yes	[ɡʌŋʌʈo]
गछ्नु	g ʌ tsʰ n u	ɡˈʌcʰnˌu	agree	no	[ɡʌt͡sʰnu]
गठबन्धनका	g ʌ ʈʰ ʌ b ʌ n d̪ʱ ʌ n ʌ k a	ɡˌəʈʰəbˈʌndʰənˌəkaː	audio	yes	
गठबन्धनभित्र	g ʌ ʈʰ ʌ b ʌ n d̪ʱ ʌ n bʱ i t̪ r ʌ	ɡˌəʈʰəbˌəndʰənbʰˈɪtɾˌə	audio	no	
गणतन्त्र	g ʌ n ʌ t̪ ʌ n t̪ r ʌ	ɡˌənətˈʌntɾˌə	agree	yes	[ɡʌɽ̃ʌt̪ʌn̪t̪rʌ]
गणित	g ʌ n i t̪	ɡˈʌnɪt	agree	yes	[ɡʌɽ̃it̪]
गणेश	g ʌ n e s	ɡənˈeːs	owner	yes	
गण्डकी	g ʌ n ɖ ʌ k i	ɡˈʌnɖəkˌiː	agree	yes	[ɡʌɳɖʌki]
गत	g ʌ t̪ ʌ	ɡˈʌtˌə	owner	no	
गनाउनु	g ʌ n a u n u	ɡənˈaːʊnˌu	agree	yes	[ɡʌnäu̯nu]
गन्तव्यको	g ʌ n t̪ ʌ w j k o	ɡˌəntəwjkˈoː	audio	no	
गन्तव्यमा	g ʌ n t̪ ʌ w j m a	ɡˌəntəwjmˈaː	audio	no	
गन्ध	g ʌ n d̪ʱ ʌ	ɡˈʌndʰˌə	agree	yes	[ɡʌn̪d̪ʱʌ̤]
गन्नु	g ʌ n n u	ɡˈʌnnˌu	agree	no	[ɡʌnːu]
गफ	g ʌ pʰ	ɡˈʌpʰ	agree	yes	[ɡʌɸ]
गफिन	g ʌ pʰ i n ʌ	ɡˈʌpʰɪnˌə	audio	no	
गमला	g ʌ m ʌ l a	ɡˈʌməlˌaː	agree	yes	[ɡʌ.mʌ.lä]
गर	g ʌ r ʌ	ɡˈʌɾˌə	audio	yes	[ɡʌɾʌ]
गराउनु	g ʌ r a u n u	ɡəɾˈaːʊnˌu	agree	yes	[ɡʌɾäu̯nu]
गराउने	g ʌ r a u n e	ɡəɾˈaːʊnˌeː	agree	yes	[ɡʌɾäu̯ne]
गरि	g ʌ r i	ɡˈʌɾɪ	agree	yes	[ɡʌɾi]
गरिरहेका	g ʌ r i r ʌ ɦ e k a	ɡˌəɾɪɾəhˈeːkaː	owner	yes	
गरिरहेकी	g ʌ r i r ɦ e k i	ɡˌəɾɪɾhˈeːki	audio	no	
गरिरहेकै	g ʌ r i r ɦ e k ʌi	ɡˌəɾɪɾhˈeːkai	audio	no	
गरिरहेको	g ʌ r i r ʌ ɦ e k o	ɡˌəɾɪɾəhˈeːkoː	owner	yes	
गरुङ्गो	g ʌ r u ŋ g o	ɡəɾˈuŋɡoː	agree	yes	[ɡʌɾuŋɡo]
गरे	g ʌ r e	ɡˈʌɾeː	agree	yes	[ɡʌɾe]
गरेको	g ʌ r e k o	ɡəɾˈeːkoː	agree	yes	[ɡʌɾeko]
गरेर	g ʌ r e r ʌ	ɡəɾˈeːɾˌə	agree	yes	[ɡʌɾerʌ]
गर्	g ʌ r	ɡˈʌɾ	agree	yes	[ɡʌr]
गर्दा	g ʌ r d̪ a	ɡˈʌɾdaː	agree	no	[ɡʌrd̪ä]
गर्दिन	g ʌ r d̪ i n ʌ	ɡˈʌɾdɪnˌə	audio	no	
गर्दै	g ʌ r d̪ ʌi	ɡˈʌɾdai	agree	no	[ɡʌrd̪ʌi̯]
गर्न	g ʌ r n	ɡˈʌɾn	owner	no	[ɡʌrnʌ]
गर्नको	g ʌ r n k o	ɡˈʌɾnkˌoː	owner	no	[ɡʌrnʌko]
गर्नु	g ʌ r n u	ɡˈʌɾnˌu	agree	no	[ɡʌrnu]
गर्नुछ	g ʌ r n u tsʰ	ɡˈʌɾnucʰ	audio	no	
गर्ने	g ʌ r n e	ɡˈʌɾneː	agree	no	[ɡʌrne]
गर्मी	g ʌ r m i	ɡˈʌɾmi	agree	no	[ɡʌrmi]
गर्लफ्रेन्ड	g ʌ r l ʌ pʰ r e n ɖ	ɡˌəɾləpʰɾˈeːnɖ	audio	no	
गल्ती	g ʌ l t̪ i	ɡˈʌlti	agree	yes	[ɡʌl̪t̪i]
गा	g a	ɡˈaː	agree	yes	[ɡä]
गाँठो	g ã ʈʰ o	ɡãʈʰˈoː	agree	yes	[ɡä̃ʈʰo]
गाँठ्नु	g ã ʈʰ n u	ɡãʈʰnˈu	agree	no	[ɡä̃ʈʰɳu]
गाँथ्नु	g ã t̪ʰ n u	ɡãtʰnˈu	agree	no	[ɡä̃t̪ʰn̪u]
गाई	g a i	ɡˈaːi	agree	yes	[ɡäi̯]
गाउनु	g a u n u	ɡˈaːʊnˌu	agree	yes	[ɡäu̯nu]
गाऊ	g a u	ɡˈaːʊ	agree	yes	[ɡäu̯]
गाजर्	g a dz ʌ r	ɡˈaːɟəɾ	agree	yes	[ɡä(d)zʌr]
गाडा	g a ɖ a	ɡˈaːɖaː	agree	yes	[ɡäɽä]
गार्मेन्ट	g a r m e n ʈ	ɡaːɾmˈeːnʈ	audio	no	
गार्मेन्टको	g a r m e n ʈ k o	ɡaːɾmˈeːnʈkˌoː	audio	no	
गाली	g a l i	ɡˈaːli	agree	yes	[ɡäli]
गाविस	g a w i s ʌ	ɡaːwˈɪsˌə	owner	no	[ɡäbi.sʌ]
गाविसको	g a w i s ʌ k o	ɡaːwˈɪsəkˌoː	owner	yes	
गाविसमा	g a w i s ʌ m a	ɡaːwˈɪsəmˌaː	owner	yes	
गिद्ध	g i d̪ d̪ʱ ʌ	ɡˈɪddʰˌə	agree	yes	[ɡid̪̚d̪ʱʌ̤]
गीत	g i t̪	ɡˈɪːt	agree	yes	[ɡit̪]
गीलो	g i l o	ɡˈɪːloː	agree	yes	[ɡilo]
गु	g u	ɡˈu	agree	yes	[ɡu]
गुगल	g u g ʌ l	ɡˈuɡəl	agree	yes	[ɡuɡ̞ʌl]
गुड्सको	g u ɖ s k o	ɡˈuɖskˌoː	audio	no	
गुणराज	g u n r a dz	ɡˌunɾˈaːɟ	audio	no	
गुणसूत्र	g u n ʌ s u t̪ r ʌ	ɡˌunəsˈuːtɾˌə	owner	yes	[ɡuɽ̃ʌsut̪rʌ]
गुनासो	g u n a s o	ɡunˈaːsoː	agree	yes	[ɡunäso]
गुनु	g u n u	ɡˈunˌu	agree	no	[ɡunu]
गुफा	g u pʰ a	ɡˈupʰaː	agree	yes	[ɡuɸä]
गुमाउनु	g u m a u n u	ɡumˈaːʊnˌu	agree	yes	[ɡumäu̯nu]
गुरु	g u r u	ɡˈuɾu	agree	yes	[ɡuɾu]
गुलाम	g u l a m	ɡulˈaːm	agree	no	[ɡuläm]
गुलियो	g u l i j o	ɡˈulɪjˌoː	agree	yes	[ɡulijo]
गू	g u	ɡˈuː	agree	yes	[ɡu]
गूगल	g u g ʌ l	ɡˈuːɡəl	agree	yes	[ɡuɡ̞ʌl]
गेटभित्र	g e ʈ bʱ i t̪ r ʌ	ɡˌeːʈbʰˈɪtɾˌə	audio	no	
गेम्स	g e m s	ɡˈeːms	audio	no	
गैर	g ʌi r ʌ	ɡˈaiɾˌə	audio	yes	
गैरकानुनी	g ʌi r k a n u n i	ɡˌaiɾkˈaːnunˌiː	audio	no	
गैरजिम्मेवार	g ʌi r dz i m m e w a r	ɡˌaiɾɟɪmmˌeːwˈaːɾ	audio	no	
गैरसरकारी	g ʌi r ʌ s ʌ r k a r i	ɡˌaiɾəsˌəɾkˈaːɾi	audio	no	
गोटी	g o ʈ i	ɡˈoːʈi	agree	yes	[ɡoʈi]
गोठ	g o ʈʰ	ɡˈoːʈʰ	agree	yes	[ɡoʈʰ]
गोठाटारबाहेक	g o ʈʰ a ʈ a r b a ɦ e k	ɡˌoːʈʰaːʈˌaːɾbaːhˈeːk	audio	no	
गोडा	g o ɖ a	ɡˈoːɖaː	agree	yes	[ɡoɽä]
गोदावरी	g o d̪ a w ʌ r i	ɡoːdˈaːwəɾˌiː	agree	yes	[ɡod̪äwʌɾi]
गोरख	g o r ʌ kʰ	ɡˈoːɾəkʰ	agree	yes	[ɡoɾʌk̞ʰ]
गोरखा	g o r kʰ a	ɡˈoːɾkʰˌaː	audio	no	
गोरखापत्रमा	g o r kʰ a p ʌ t̪ r ʌ m a	ɡˌoːɾkʰaːpˈʌtɾəmˌaː	audio	no	
गोरु	g o r u	ɡˈoːɾu	agree	yes	[ɡoɾu]
गोर्खा	g o r kʰ a	ɡˈoːɾkʰaː	agree	no	[ɡorkʰä]
गोल	g o l ʌ	ɡˈoːlˌə	audio	no	
गोलभेडा	g o l bʱ e ɖ a	ɡˌoːlbʰˈeːɖaː	audio	no	
गोलीमार	g o l i m a r ʌ	ɡˌoːlɪːmˈaːɾˌə	audio	yes	
गोलो	g o l o	ɡˈoːloː	agree	yes	[ɡolo]
गोल्ड	g o l ɖ	ɡˈoːlɖ	audio	no	
गोसाइँ	g o s a ĩ	ɡoːsˈaːĩ	agree	yes	[ɡosäĩ]
गौतमबुद्ध	g ʌu t̪ ʌ m b u d̪ d̪ʱ ʌ	ɡˌʌutəmbˈuddʰˌə	audio	no	
गौतमबुद्धमा	g ʌu t̪ ʌ m b u d̪ d̪ʱ ʌ m a	ɡˌʌutəmbˈuddʰəmˌaː	audio	no	
ग्राउण्डका	g r a u n ɖ k a	ɡɾaːˈʊnɖkˌaː	audio	no	
ग्रीष्म	g r i s m ʌ	ɡɾˈɪːsmˌə	agree	yes	[ɡrismʌ]
घंटा	gʱ ʌ n ʈ a	ɡʰˈʌnʈaː	agree	yes	[ɡʱʌ̤ɳʈä]
घटनाले	gʱ ʌ ʈ n a l e	ɡʰˌəʈnˈaːleː	audio	no	
घटाइरहेको	gʱ ʌ ʈ a i r ɦ e k o	ɡʰˌəʈaːˌɪɾhˈeːkoː	audio	no	
घटिरहेका	gʱ ʌ ʈ i r ɦ e k a	ɡʰˌəʈɪɾhˈeːkaː	audio	no	
घटिरहेको	gʱ ʌ ʈ i r ɦ e k o	ɡʰˌəʈɪɾhˈeːkoː	audio	no	
घडी	gʱ ʌ ɖ i	ɡʰˈʌɖi	agree	yes	[ɡʱʌ̤ɽi]
घण्टा	gʱ ʌ n ʈ a	ɡʰˈʌnʈaː	agree	yes	[ɡʱʌ̤ɳʈä]
घन्टा	gʱ ʌ n ʈ a	ɡʰˈʌnʈaː	agree	yes	[ɡʱʌ̤ɳʈä]
घर	gʱ ʌ r	ɡʰˈʌɾ	agree	no	[ɡʱʌ̤r]
घरकै	gʱ ʌ r k ʌi	ɡʰˈʌɾkˌai	audio	no	
घरबाटै	gʱ ʌ r b a ʈ ʌi	ɡʰˌəɾbˈaːʈai	audio	no	
घरबार	gʱ ʌ r b a r	ɡʰˌəɾbˈaːɾ	audio	no	
घरबाहिर	gʱ ʌ r ʌ b a ɦ i r ʌ	ɡʰˌəɾəbˈaːhɪɾˌə	audio	yes	
घरभित्रै	gʱ ʌ r bʱ i t̪ r ʌi	ɡʰˌəɾbʰˈɪtɾai	audio	no	
घरमै	gʱ ʌ r m ʌi	ɡʰˈʌɾmˌai	audio	no	
घर्रा	gʱ ʌ r r a	ɡʰˈʌɾɾaː	agree	no	[ɡʱʌ̤rːä]
घस्नु	gʱ ʌ s n u	ɡʰˈʌsnˌu	agree	no	[ɡʱʌ̤snu]
घाँस	gʱ ã s	ɡʰˈãs	agree	yes	[ɡʱä̤̃s]
घाइते	gʱ a i t̪ e	ɡʰˈaːɪtˌeː	agree	yes	[ɡʱä̤i̯t̪e]
घाउ	gʱ a u	ɡʰˈaːʊ	agree	yes	[ɡʱä̤u̯]
घाम	gʱ a m	ɡʰˈaːm	agree	no	[ɡʱä̤m]
घामझैँ	gʱ a m dzʱ ʌĩ	ɡʰˈaːmɟʰˌaĩ	audio	no	
घिच्नु	gʱ i ts n u	ɡʰˈɪcnˌu	agree	no	[ɡʱi̤t͡snu]
घिसिनु	gʱ i s i n u	ɡʰˈɪsɪnˌu	agree	no	[ɡʱi̤sinu]
घिस्याउनु	gʱ i s j a u n u	ɡʰɪsjˈaːʊnˌu	agree	yes	[ɡʱi̤sjäu̯nu]
घुमफिर	gʱ u m pʰ i r	ɡʰˈumpʰˌɪɾ	audio	no	
घुमफिरमा	gʱ u m pʰ i r m a	ɡʰˈumpʰˌɪɾmˌaː	audio	no	
घुर्नु	gʱ u r n u	ɡʰˈuɾnˌu	agree	no	[ɡʱṳrnu]
घुसखोरी	gʱ u s kʰ o r i	ɡʰˌuskʰˈoːɾi	audio	no	
घुस्नु	gʱ u s n u	ɡʰˈusnˌu	agree	no	[ɡʱṳsnu]
घूस	gʱ u s	ɡʰˈuːs	agree	yes	[ɡʱṳs]
घोट्नु	gʱ o ʈ n u	ɡʰˈoːʈnˌu	agree	no	[ɡʱo̤ʈɳu]
घोडा	gʱ o ɖ a	ɡʰˈoːɖaː	agree	yes	[ɡʱo̤ɽä]
घोप्नु	gʱ o p n u	ɡʰˈoːpnˌu	agree	no	[ɡʱo̤pnu]
घोरिनु	gʱ o r i n u	ɡʰˈoːɾɪnˌu	agree	no	[ɡʱo̤ɾinu]
घोल	gʱ o l	ɡʰˈoːl	agree	yes	[ɡʱo̤l]
घोल्नु	gʱ o l n u	ɡʰˈoːlnˌu	agree	no	[ɡʱo̤lnu]
चक	ts ʌ k	cˈʌk	agree	no	[t͡sʌk]
चकटी	ts ʌ k ʌ ʈ i	cˈʌkəʈˌiː	agree	yes	[t͡sʌkʌʈi]
चकलेट	ts ʌ k l e ʈ	cˌəklˈeːʈ	audio	no	
चकलेटहरूको	ts ʌ k l e ʈ ɦ ʌ r u k o	cˌəklˌeːʈhəɾˈuːkoː	audio	no	
चक्का	ts ʌ k k a	cˈʌkkˌaː	agree	yes	[t͡sʌk̚kä]
चक्कु	ts ʌ k k u	cˈʌkkˌu	agree	yes	[t͡sʌk̚ku]
चटनी	ts ʌ ʈ n i	cˈʌʈnˌiː	audio	no	
चन्द्र	ts ʌ n d̪ r ʌ	cˈʌndɾˌə	agree	yes	[t͡sʌn̪d̪rʌ]
चन्द्रमा	ts ʌ n d̪ r ʌ m a	cˈʌndɾəmˌaː	agree	yes	[t͡sʌn̪d̪rʌmä]
चपेट्नु	ts ʌ p e ʈ n u	cəpˈeːʈnˌu	agree	no	[t͡sʌpeʈɳu]
चपोरा	ts ʌ p o r a	cəpˈoːɾaː	agree	yes	[t͡sʌpoɾä]
चबाउनु	ts ʌ b a u n u	cəbˈaːʊnˌu	agree	yes	[t͡sʌbäu̯nu]
चम्चा	ts ʌ m ts a	cˈʌmcaː	agree	yes	[t͡sʌmt͡sä]
चरप्प	ts ʌ r ʌ p p ʌ	cəɾˈʌppˌə	agree	yes	[t͡sʌɾʌp̚pʌ]
चरा	ts ʌ r a	cˈʌɾaː	agree	yes	[t͡sʌɾä]
चराउनु	ts ʌ r a u n u	cəɾˈaːʊnˌu	agree	yes	[t͡sʌɾäu̯nu]
चरित्र	ts ʌ r i t̪ r ʌ	cəɾˈɪtɾˌə	agree	yes	[t͡sʌɾit̪rʌ]
चर्	ts ʌ r	cˈʌɾ	agree	yes	[t͡sʌr]
चर्किरहेको	ts ʌ r k i r ɦ e k o	cˌəɾkɪɾhˈeːkoː	audio	no	
चर्नु	ts ʌ r n u	cˈʌɾnˌu	agree	no	[t͡sʌrnu]
चलचित्र	ts ʌ l ts i t̪ r ʌ	cˌəlcˈɪtɾˌə	owner	no	[t͡sʌl̻t͡sit̪rʌ]
चलचित्रका	ts ʌ l ts i t̪ r ʌ k a	cˌəlcˈɪtɾəkˌaː	audio	no	
चलचित्रको	ts ʌ l ts i t̪ r ʌ k o	cˌəlcˈɪtɾəkˌoː	audio	no	
चलचित्रमा	ts ʌ l ts i t̪ r ʌ m a	cˌəlcˈɪtɾəmˌaː	audio	no	
चलचित्रले	ts ʌ l ts i t̪ r ʌ l e	cˌəlcˈɪtɾəlˌeː	audio	no	
चलन	ts ʌ l ʌ n	cˈʌlən	agree	yes	[t͡sʌlʌn]
चलाइरहेका	ts ʌ l a i r ɦ e k a	cˌəlaːˌɪɾhˈeːkaː	audio	no	
चलिरहेको	ts ʌ l i r ɦ e k o	cˌəlɪɾhˈeːkoː	audio	no	
चल्नु	ts ʌ l n u	cˈʌlnˌu	agree	no	[t͡sʌlnu]
चवालीस	ts ʌ w a l i s	cəwˈaːlɪːs	agree	yes	[t͡sʌwälis]
चश्मा	ts ʌ s m a	cˈʌsmaː	agree	yes	[t͡sʌsmä]
चस्मा	ts ʌ s m a	cˈʌsmaː	agree	yes	[t͡sʌsmä]
चाइँ	ts a ĩ	cˈaːĩ	agree	yes	[t͡säĩ]
चाईं	ts a ĩ	caːˈĩ	agree	no	[t͡säĩ̯]
चाउचाउ	ts a u ts a u	cˌaːʊcˈaːʊ	agree	yes	[t͡säu̯t͡säu̯]
चाख	ts a kʰ	cˈaːkʰ	agree	yes	[t͡säk̞ʰ]
चाखलाग्दो	ts a kʰ l a g d̪ o	cˌaːkʰlˈaːɡdoː	audio	no	
चाख्नु	ts a kʰ n u	cˈaːkʰnˌu	agree	no	[t͡säk̞ʰnu]
चाट	ts a ʈ	cˈaːʈ	agree	yes	[t͡säʈ]
चानचुने	ts a n ts u n e	cˈaːncˌuneː	audio	no	
चाबी	ts a b i	cˈaːbi	agree	yes	[t͡säbi]
चार	ts a r	cˈaːɾ	agree	no	[t͡sär]
चार्ज	ts a r dz	cˈaːɾɟ	audio	no	
चार्जमा	ts a r dz m a	cˈaːɾɟmˌaː	audio	no	
चालीस	ts a l i s	caːlˈɪːs	agree	yes	[t͡sälis]
चाल्नु	ts a l n u	cˈaːlnˌu	agree	no	[t͡sälnu]
चिउरा	ts i u r a	cˈɪʊɾˌaː	agree	yes	[t͡siu̯ɾä]
चिक्	ts i k	cˈɪk	agree	yes	[t͡sik]
चिक्नु	ts i k n u	cˈɪknˌu	agree	no	[t͡siknu]
चिज	ts i dz	cˈɪɟ	agree	yes	[t͡si(d)z]
चिटचिट	ts i ʈ ts i ʈ	cˈɪʈcˌɪʈ	audio	no	
चिट्ठा	ts i ʈ ʈʰ a	cˈɪʈʈʰˌaː	agree	yes	[t͡siʈ̚ʈʰä]
चिठि	ts i ʈʰ i	cˈɪʈʰɪ	agree	yes	[t͡siʈʰi]
चिठी	ts i ʈʰ i	cˈɪʈʰi	agree	yes	[t͡siʈʰi] / [t͡siʈ̚ʈʰi]
चितवनको	ts i t̪ ʌ w ʌ n ʌ k o	cˈɪtəwˌənəkˌoː	audio	yes	
चिताउनु	ts i t̪ a u n u	cɪtˈaːʊnˌu	agree	yes	[t͡sit̪äu̯nu]
चितुवा	ts i t̪ u w a	cˌɪtuwˈaː	agree	yes	[t͡sit̪uwä]
चित्त	ts i t̪ t̪ ʌ	cˈɪttˌə	agree	yes	[t͡sit̪̚t̪ʌ]
चित्र	ts i t̪ r ʌ	cˈɪtɾˌə	agree	yes	[t͡sit̪rʌ]
चिनचान	ts i n ts a n	cˌɪncˈaːn	audio	no	
चिनजान	ts i n dz a n	cˌɪnɟˈaːn	audio	no	
चिनजानका	ts i n dz a n k a	cˌɪnɟˈaːnkˌaː	audio	no	
चिनजानको	ts i n dz a n k o	cˌɪnɟˈaːnkˌoː	audio	no	
चिनी	ts i n i	cˈɪni	agree	yes	[t͡sini]
चिन्नु	ts i n n u	cˈɪnnˌu	agree	no	[t͡sinːu]
चिम्फिङ	ts i m pʰ i ŋ ʌ	cˈɪmpʰɪŋˌə	audio	no	
चिया	ts i j a	cˈɪjaː	agree	yes	[t͡sijä]
चिसो	ts i s o	cˈɪsoː	agree	yes	[t͡siso]
चिहान	ts i ɦ a n	cɪhˈaːn	agree	yes	[t͡si(ɦ)än]
चीज	ts i dz	cˈɪːɟ	agree	yes	[t͡si(d)z]
चीन	ts i n	cˈɪːn	owner	yes	[t͡sinʌ]
चीनका	ts i n ʌ k a	cˈɪːnəkˌaː	audio	yes	
चीनबीच	ts i n b i ts	cˌɪːnbˈɪːc	audio	no	
चीनियाँ	ts i n i j ã	cˈɪːnɪjˌã	agree	yes	[t͡sinijä̃]
चुनढुङ्गामा	ts u n ɖʱ u ŋ g a m a	cˌunɖʰuŋɡˈaːmaː	audio	no	
चुरोट	ts u r o ʈ	cuɾˈoːʈ	agree	yes	[t͡suɾoʈ]
चुस्नु	ts u s n u	cˈusnˌu	agree	no	[t͡susnu]
चेकजाँच	ts e k dz ã ts	cˌeːkɟˈãc	audio	no	
चेन	ts e n	cˈeːn	audio	yes	
चेप्नु	ts e p n u	cˈeːpnˌu	agree	no	[t͡sepnu]
चेष्टा	ts e s ʈ a	cˈeːsʈˌaː	agree	yes	[t͡ses̠t̠ä]
चैत	ts ʌi t̪	cˈait	agree	yes	[t͡sʌi̯t̪]
चैत्र	ts ʌi t̪ r ʌ	cˈaitɾˌə	agree	yes	[t͡sʌi̯t̪rʌ]
चोक	ts o k	cˈoːk	agree	no	[t͡sok]
चोर	ts o r	cˈoːɾ	agree	no	[t͡sor] / [t͡soɾʌ]
चोर्नु	ts o r n u	cˈoːɾnˌu	agree	no	[t͡sornu]
चौखट्	ts ʌu kʰ ʌ ʈ	cˈʌukʰəʈ	agree	yes	[t͡sʌu̯k̞ʰʌʈ]
चौतारी	ts ʌu t̪ a r i	cʌutˈaːɾi	agree	yes	[t͡sʌu̯t̪äɾi]
चौध	ts ʌu d̪ʱ ʌ	cˈʌudʰˌə	owner	no	[t͡sʌu̯d̪ʌ]
चौधरी	ts ʌu d̪ʱ r i	cˈʌudʰɾˌiː	audio	no	[t͡sʌu̯d̪ʌɾi]
चौबीस	ts ʌu b i s	cʌubˈɪːs	agree	yes	[t͡sʌu̯bis]
चौमासा	ts ʌu m a s a	cʌumˈaːsaː	agree	yes	[t͡sʌu̯mäsä]
चौरत्तर	ts ʌu r ʌ t̪ t̪ ʌ r	cʌuɾˈʌttˌəɾ	agree	no	[t͡sʌu̯ɾʌt̪̚t̪ʌr]
चौरानब्बे	ts ʌu r a n ʌ b b e	cˌʌuɾaːnˈʌbbeː	agree	yes	[t͡sʌu̯ɾänʌb̚be]
चौरासी	ts ʌu r a s i	cʌuɾˈaːsi	agree	yes	[t͡sʌu̯ɾäsi]
चौवन्न	ts ʌu w ʌ n n ʌ	cʌuwˈʌnnˌə	agree	yes	[t͡sʌu̯wʌnːʌ]
चौसठ्ठी	ts ʌu s ʌ ʈʰ ʈʰ i	cʌusˈʌʈʰʈʰˌiː	agree	no	[t͡sʌu̯sʌʈʰʈʰi]
च्याप्नु	ts j a p n u	cjˈaːpnˌu	agree	no	[t͡sjäpnu]
च्याम्पिनयसिप	ts j a m p i n ʌ j s i p	cjˈaːmpɪnˌəjsˌɪp	audio	no	
च्याम्पिनसिपकै	ts j a m p i n s i p ʌ k ʌi	cjˈaːmpɪnsˌɪpˌəkai	audio	no	
च्याम्पिनसिपको	ts j a m p i n s i p k o	cjˈaːmpɪnsˌɪpkˌoː	audio	no	
च्याम्पियनसिपको	ts j a m p i j ʌ n s i p k o	cjˈaːmpɪjˌənsˌɪpkˌoː	audio	no	
च्याम्पियनसिपपछि	ts j a m p i j ʌ n s i p ʌ p ʌ tsʰ i	cjˈaːmpɪjˌənsˌɪpəpˌəcʰɪ	audio	no	
च्याम्पियनसिपमा	ts j a m p i j ʌ n s i p m a	cjˈaːmpɪjˌənsˌɪpmˌaː	audio	no	
च्याम्पियनसिपले	ts j a m p i j ʌ n s i p l e	cjˈaːmpɪjˌənsˌɪplˌeː	audio	no	
च्याम्पियसिपमा	ts j a m p i j s i p m a	cjˈaːmpɪjsˌɪpmˌaː	audio	no	
च्याम्प्यिनसिपको	ts j a m p j i n s i p k o	cjˈaːmpjɪnsˌɪpkˌoː	audio	no	
छक्का	tsʰ ʌ k k a	cʰˈʌkkˌaː	agree	yes	[t͡sʰʌk̚kä]
छक्क्याउनु	tsʰ ʌ k k j a u n u	cʰˈʌkkjˌaːʊnˌu	agree	yes	[t͡sʰʌk̚kjäu̯nu]
छडी	tsʰ ʌ ɖ i	cʰˈʌɖi	agree	yes	[t͡sʰʌɽi]
छत्तीस	tsʰ ʌ t̪ t̪ i s	cʰəttˈɪːs	agree	yes	[t͡sʰʌt̪̚t̪is]
छदाउनु	tsʰ ʌ d̪ a u n u	cʰədˈaːʊnˌu	agree	yes	[t͡sʰʌd̪äu̯nu]
छन्	tsʰ ʌ n	cʰˈʌn	agree	yes	[t͡sʰʌn]
छपन्न	tsʰ ʌ p ʌ n n ʌ	cʰəpˈʌnnˌə	agree	yes	[t͡sʰʌpʌnːʌ]
छप्पन्न	tsʰ ʌ p p ʌ n n ʌ	cʰəppˈʌnnˌə	agree	yes	[t͡sʰʌp̚pʌnːʌ]
छब्बीस	tsʰ ʌ b b i s	cʰəbbˈɪːs	agree	yes	[t͡sʰʌb̚bis]
छयानब्बे	tsʰ ʌ j a n ʌ b b e	cʰˌəjaːnˈʌbbeː	agree	yes	[t͡sʰʌjänʌb̚be]
छयालीस	tsʰ ʌ j a l i s	cʰˌəjaːlˈɪːs	agree	yes	[t͡sʰʌjälis]
छयासी	tsʰ ʌ j a s i	cʰəjˈaːsi	agree	yes	[t͡sʰʌjäsi]
छल्नु	tsʰ ʌ l n u	cʰˈʌlnˌu	agree	no	[t͡sʰʌlnu]
छाँटकाँट	tsʰ ã ʈ k ã ʈ	cʰãʈkˈãʈ	audio	no	
छाउपडी	tsʰ a u p ʌ ɖ i	cʰˈaːʊpˌəɖi	agree	yes	[t͡sʰäu̯pʌɽi]
छाता	tsʰ a t̪ a	cʰˈaːtaː	agree	yes	[t͡sʰät̪ä]
छाद्नु	tsʰ a d̪ n u	cʰˈaːdnˌu	agree	no	[t͡sʰäd̪n̪u]
छानबिन	tsʰ a n b i n	cʰˈaːnbˌɪn	audio	no	
छानबिनका	tsʰ a n b i n k a	cʰˈaːnbˌɪnkˌaː	audio	no	
छानबिनमा	tsʰ a n b i n m a	cʰˈaːnbˌɪnmˌaː	audio	no	
छाना	tsʰ a n a	cʰˈaːnaː	agree	yes	[t͡sʰänä]
छानो	tsʰ a n o	cʰˈaːnoː	agree	yes	[t͡sʰäno]
छान्नु	tsʰ a n n u	cʰˈaːnnˌu	agree	no	[t͡sʰänːu]
छापिन	tsʰ a p i n ʌ	cʰˈaːpɪnˌə	audio	no	
छाला	tsʰ a l a	cʰˈaːlaː	agree	yes	[t͡sʰälä]
छिटपुटरुपमा	tsʰ i ʈ p u ʈ ʌ r u p m a	cʰˈɪʈpˌuʈəɾˌupmˌaː	audio	no	
छिटो	tsʰ i ʈ o	cʰˈɪʈoː	agree	yes	[t͡sʰiʈo]
छिट्टो	tsʰ i ʈ ʈ o	cʰˈɪʈʈˌoː	agree	yes	[t͡sʰiʈ̚ʈo]
छिन	tsʰ i n ʌ	cʰˈɪnˌə	owner	no	[t͡sʰin] / [t͡sʰinʌ]
छिनो	tsʰ i n o	cʰˈɪnoː	agree	yes	[t͡sʰino]
छिन्नु	tsʰ i n n u	cʰˈɪnnˌu	agree	no	[t͡sʰinːu]
छिप्पिन	tsʰ i p p i n ʌ	cʰˈɪppˌɪnˌə	audio	no	
छिमेकी	tsʰ i m e k i	cʰɪmˈeːki	agree	yes	[t͡sʰimeki]
छुँ	tsʰ ũ	cʰˈũ	agree	yes	[t͡sʰũ]
छुचि	tsʰ u ts i	cʰˈucɪ	agree	yes	[t͡sʰut͡si]
छुची	tsʰ u ts i	cʰˈuci	agree	yes	[t͡sʰut͡si]
छुचो	tsʰ u ts o	cʰˈucoː	agree	yes	[t͡sʰut͡so]
छुट्टाउनु	tsʰ u ʈ ʈ a u n u	cʰˈuʈʈˌaːʊnˌu	agree	yes	[t͡sʰuʈ̚ʈäu̯nu]
छुट्टिनका	tsʰ u ʈ ʈ i n ʌ k a	cʰˈuʈʈˌɪnəkˌaː	audio	yes	
छुट्टो	tsʰ u ʈ ʈ o	cʰˈuʈʈˌoː	agree	yes	[t͡sʰuʈ̚ʈo]
छुट्ट्याउनु	tsʰ u ʈ ʈ j a u n u	cʰˈuʈʈjˌaːʊnˌu	agree	no	[t͡sʰuʈ̚ʈjäu̯nu]
छुट्नु	tsʰ u ʈ n u	cʰˈuʈnˌu	agree	no	[t͡sʰuʈɳu]
छुनु	tsʰ u n u	cʰˈunˌu	agree	no	[t͡sʰunu]
छुर्पी	tsʰ u r p i	cʰˈuɾpi	agree	no	[t͡sʰurpi]
छेकवार	tsʰ e k w a r	cʰˌeːkwˈaːɾ	audio	no	
छेत्रिनी	tsʰ e t̪ r i n i	cʰˈeːtɾɪnˌiː	agree	yes	[t͡sʰet̪rini]
छेत्री	tsʰ e t̪ r i	cʰˈeːtɾi	agree	yes	[t͡sʰet̪ri]
छेपारो	tsʰ e p a r o	cʰeːpˈaːɾoː	agree	yes	[t͡sʰepäɾo]
छैनौ	tsʰ ʌi n ʌu	cʰˈainʌu	agree	yes	[t͡sʰʌi̯nʌu̯]
छोग्याल	tsʰ o g j a l	cʰˈoːɡjaːl	agree	yes	[t͡sʰoɡ̞jäl]
छोटो	tsʰ o ʈ o	cʰˈoːʈoː	agree	yes	[t͡sʰoʈo]
छोड्नु	tsʰ o ɖ n u	cʰˈoːɖnˌu	agree	no	[t͡sʰoɽɳu]
छोप्नु	tsʰ o p n u	cʰˈoːpnˌu	agree	no	[t͡sʰopnu]
छोरा	tsʰ o r a	cʰˈoːɾaː	agree	yes	[t͡sʰoɾä]
छोरी	tsʰ o r i	cʰˈoːɾi	agree	yes	[t͡sʰoɾi]
छोरो	tsʰ o r o	cʰˈoːɾoː	agree	yes	[t͡sʰoɾo]
छोल्	tsʰ o l	cʰˈoːl	agree	yes	[t͡sʰol]
छोल्नु	tsʰ o l n u	cʰˈoːlnˌu	agree	no	[t͡sʰolnu]
छौ	tsʰ ʌu	cʰˈʌu	agree	yes	[t͡sʰʌu̯]
जगत्	dz ʌ g ʌ t̪	ɟˈʌɡət	agree	yes	[d͡zʌɡ̞ʌt̪]
जग्गा	dz ʌ g g a	ɟˈʌɡɡˌaː	agree	yes	[d͡zʌɡ̞ɡä]
जङ्गल	dz ʌ ŋ g ʌ l	ɟˈʌŋɡəl	agree	yes	[d͡zʌŋɡʌl]
जटिलता	dz ʌ ʈ i l t̪ a	ɟˈʌʈɪltˌaː	audio	no	
जटिलताका	dz ʌ ʈ i l t̪ a k a	ɟˌəʈɪltˈaːkaː	audio	no	
जटिलताको	dz ʌ ʈ i l t̪ a k o	ɟˌəʈɪltˈaːkoː	audio	no	
जताउनु	dz ʌ t̪ a u n u	ɟətˈaːʊnˌu	agree	yes	[d͡zʌt̪äu̯nu]
जनआन्दोलनमार्फत	dz ʌ n ʌ a n d̪ o l ʌ n m a r pʰ ʌ t̪	ɟˌənəˌaːndoːlˌənmˈaːɾpʰət	audio	no	
जनवरी	dz ʌ n ʌ w ʌ r i	ɟˈʌnəwˌəɾi	agree	yes	[d͡zʌnʌwʌɾi]
जनसंख्या	dz ʌ n ʌ s ʌ ŋ kʰ j a	ɟˌənəsˈʌŋkʰjaː	agree	yes	[d͡zʌnʌsʌŋkʰjä]
जनसङ्ख्या	dz ʌ n ʌ s ʌ ŋ kʰ j a	ɟˌənəsˈʌŋkʰjaː	agree	yes	[d͡zʌnʌsʌŋkʰjä]
जनसमुदायको	dz ʌ n ʌ s ʌ m u d̪ a j k o	ɟˌənəsˌəmudˈaːjkˌoː	audio	no	
जना	dz ʌ n a	ɟˈʌnaː	agree	yes	[d͡zʌnä]
जनावर	dz ʌ n a w ʌ r	ɟənˈaːwəɾ	agree	no	[d͡zʌnäwʌr]
जन्मदिन	dz ʌ n m ʌ d̪ i n	ɟˈʌnmədˌɪn	agree	yes	[d͡zʌnmʌd̪in]
जबर्जस्त	dz ʌ b ʌ r dz ʌ s t̪	ɟˌəbəɾɟˈʌst	audio	no	
जमिन	dz ʌ m i n	ɟˈʌmɪn	agree	yes	[d͡zʌmin]
जमिन्दार	dz ʌ m i n d̪ a r	ɟˌəmɪndˈaːɾ	agree	no	[d͡zʌmin̪d̪är]
जमीन	dz ʌ m i n	ɟəmˈɪːn	owner	yes	[d͡zʌminʌ]
जम्नु	dz ʌ m n u	ɟˈʌmnˌu	agree	no	[d͡zʌmnu]
जम्मा	dz ʌ m m a	ɟˈʌmmˌaː	agree	yes	[d͡zʌmːä]
जयकिशोर	dz ʌ j k i s o r	ɟˌəjkɪsˈoːɾ	audio	no	
जयनेपाल	dz ʌ j n e p a l	ɟˌəjneːpˈaːl	audio	no	
जयपुरी	dz ʌ j p u r i	ɟˈʌjpˌuɾi	audio	no	
जरा	dz ʌ r a	ɟˈʌɾaː	agree	yes	[d͡zʌɾä]
जरूर	dz ʌ r u r	ɟəɾˈuːɾ	owner	no	[d͡zʌɾurʌ]
जरूरी	dz ʌ r u r i	ɟəɾˈuːɾi	agree	yes	[d͡zʌɾuri]
जरो	dz ʌ r o	ɟˈʌɾoː	agree	yes	[d͡zʌɾo]
जर्मनी	dz ʌ r m ʌ n i	ɟˈʌɾmənˌiː	agree	no	[d͡zʌrmʌni]
जल	dz ʌ l	ɟˈʌl	agree	yes	[d͡zʌl]
जलमार्गको	dz ʌ l m a r g ʌ k o	ɟˌəlmˈaːɾɡəkˌoː	audio	no	
जलविद्युत	dz ʌ l w i d̪ j u t̪	ɟˌəlwˈɪdjut	audio	no	
जलविद्युतका	dz ʌ l w i d̪ j u t̪ k a	ɟˌəlwˈɪdjutkˌaː	audio	no	
जलेबी	dz ʌ l e b i	ɟəlˈeːbi	agree	yes	[d͡zʌlebi]
जल्नु	dz ʌ l n u	ɟˈʌlnˌu	agree	no	[d͡zʌlnu]
जसको	dz ʌ s k o	ɟˈʌskˌoː	agree	no	[d͡zʌsko]
जसमा	dz ʌ s m a	ɟˈʌsmˌaː	agree	no	[d͡zʌsmä]
जसमार्फत	dz ʌ s m a r pʰ ʌ t̪	ɟˌəsmˈaːɾpʰət	audio	no	
जसलाई	dz ʌ s l a i	ɟˌəslˈaːi	agree	no	[d͡zʌsläi̯]
जसले	dz ʌ s l e	ɟˈʌslˌeː	agree	no	[d͡zʌsle] / [d͡zʌlle]
जा	dz a	ɟˈaː	agree	yes	[d͡zä]
जाँच्नु	dz ã ts n u	ɟãcnˈu	agree	no	[d͡zä̃t͡snu]
जाँठो	dz ã ʈʰ o	ɟãʈʰˈoː	agree	yes	[d͡zä̃ʈʰo]
जाँतो	dz ã t̪ o	ɟãtˈoː	agree	yes	[d͡zä̃t̪o]
जाऊ	dz a u	ɟˈaːʊ	agree	yes	[d͡zäu̯]
जागिरबारे	dz a g i r b a r e	ɟˌaːɡɪɾbˈaːɾeː	audio	no	
जाग्नु	dz a g n u	ɟˈaːɡnˌu	agree	no	[d͡zäɡ̞nu]
जाडो	dz a ɖ o	ɟˈaːɖoː	agree	yes	[d͡zäɽo]
जाति	dz a t̪ i	ɟˈaːtɪ	agree	yes	[d͡zät̪i]
जान	dz a n ʌ	ɟˈaːnˌə	owner	no	
जानकार	dz a n k a r	ɟˌaːnkˈaːɾ	audio	no	
जानकारी	dz a n k a r i	ɟˌaːnkˈaːɾi	owner	no	
जानकी	dz a n ʌ k i	ɟˈaːnəkˌiː	audio	yes	
जानलाई	dz a n ʌ l a i	ɟˌaːnəlˈaːi	audio	yes	
जानु	dz a n u	ɟˈaːnˌu	agree	no	[d͡zänu]
जान्नु	dz a n n u	ɟˈaːnnˌu	agree	no	[d͡zänːu]
जापान	dz a p a n	ɟaːpˈaːn	agree	yes	[d͡zäpän]
जापानबाहिर	dz a p a n ʌ b a ɦ i r ʌ	ɟˌaːpaːnəbˈaːhɪɾˌə	audio	yes	
जायजेथा	dz a j dz e t̪ʰ a	ɟˌaːjɟˈeːtʰaː	audio	no	
जारभित्र	dz a r bʱ i t̪ r ʌ	ɟˌaːɾbʰˈɪtɾˌə	audio	no	
जिउनु	dz i u n u	ɟˈɪʊnˌu	agree	yes	[d͡ziu̯nu]
जितजंग	dz i t̪ ʌ dz ʌ ŋ g	ɟˈɪtəɟˌəŋɡ	audio	yes	
जिन्सको	dz i n s k o	ɟˈɪnskˌoː	audio	no	
जिब्रो	dz i b r o	ɟˈɪbɾoː	agree	yes	[d͡zibro]
जिल्ला	dz i l l a	ɟˈɪllaː	agree	no	[d͡zillä]
जिल्लाका	dz i l l a k a	ɟɪllˈaːkaː	agree	no	[d͡zilläkä]
जिल्लाको	dz i l l a k o	ɟɪllˈaːkoː	agree	no	[d͡zilläko]
जिल्लाहरू	dz i l l a ɦ ʌ r u	ɟɪllˈaːhəɾˌuː	agree	no	[d͡zillä‿ɦʌɾu]
जीउ	dz i u	ɟˈɪːʊ	agree	yes	[d͡ziu̯]
जीवनका	dz i w ʌ n ʌ k a	ɟˈɪːwənˌəkaː	audio	yes	
जीवनज	dz i w ʌ n ʌ dz ʌ	ɟˈɪːwənˌəɟˌə	audio	no	
जीवनशैली	dz i w ʌ n s ʌi l i	ɟˌɪːwənsˈaili	audio	no	
जीवनी	dz i w a n i	ɟˈɪːwaːnˌiː	owner	no	[d͡zibʌni]
जुँगा	dz ũ g a	ɟũɡˈaː	agree	yes	[d͡zũɡ̞ä] / [d͡zuŋɡä]
जुगल	dz u g ʌ l ʌ	ɟˈuɡəlˌə	audio	no	
जुठो	dz u ʈʰ o	ɟˈuʈʰoː	agree	yes	[d͡zuʈʰo]
जुत्ता	dz u t̪ t̪ a	ɟˈuttˌaː	agree	yes	[d͡zut̪̚t̪ä]
जुन	dz u n	ɟˈun	owner	yes	[d͡zunʌ]
जुनसुकै	dz u n s u k ʌi	ɟˈunsˌukai	audio	no	
जुम्रा	dz u m r a	ɟˈumɾaː	agree	yes	[d͡zumrä]
जुलाई	dz u l a i	ɟulˈaːi	agree	yes	[d͡zuläi̯]
जुवाइँ	dz u w a ĩ	ɟuwˈaːĩ	agree	yes	[d͡zuwäĩ]
जून	dz u n	ɟˈuːn	agree	yes	[d͡zun]
जेठ	dz e ʈʰ	ɟˈeːʈʰ	agree	yes	[d͡zeʈʰ]
जेठान	dz e ʈʰ a n	ɟeːʈʰˈaːn	agree	yes	[d͡zeʈʰän] / [d͡zeʈʰu]
जेठानी	dz e ʈʰ a n i	ɟeːʈʰˈaːni	agree	yes	[d͡zeʈʰäni]
जेनतेन	dz e n t̪ e n ʌ	ɟˌeːntˈeːnˌə	audio	no	
जेबाट	dz e b a ʈ ʌ	ɟeːbˈaːʈˌə	audio	no	
जेब्रा	dz e b r a	ɟˈeːbɾaː	agree	yes	[d͡zebrä]
जेरी	dz e r i	ɟˈeːɾi	agree	yes	[d͡zeɾi]
जो	dz o	ɟˈoː	agree	yes	[d͡zo]
जोइ	dz o i	ɟˈoːɪ	agree	yes	[d͡zoi̯]
जोकर	dz o k ʌ r	ɟˈoːkəɾ	agree	no	[d͡zokʌr]
जोगाइरहेका	dz o g a i r ɦ e k a	ɟˌoːɡaːˌɪɾhˈeːkaː	audio	no	
जोसँग	dz o s ʌ̃ g ʌ	ɟoːsˈʌ̃ɡˌə	audio	no	
ज्ञान	g j a n	ɡjˈaːn	agree	no	[ɡjän]
ज्ञानगुनका	g j a n g u n k a	ɡjˈaːnɡˌunkˌaː	audio	no	
ज्यान	dz j a n ʌ	ɟjˈaːnˌə	audio	no	
ज्येष्ठ	dz j e s ʈʰ ʌ	ɟjˈeːsʈʰˌə	agree	yes	[d͡zjes̠t̠ʰʌ]
ज्वाइँ	dz w a ĩ	ɟwˈaːĩ	agree	yes	[d͡zwäĩ]
ज्वाइन	dz w a i n ʌ	ɟwˈaːɪnˌə	audio	no	
ज्वालामुखी	dz w a l a m u kʰ i	ɟwˈaːlaːmˌukʰi	agree	yes	[d͡zwälämuk̞ʰi]
झन्डा	dzʱ ʌ n ɖ a	ɟʰˈʌnɖaː	agree	yes	[d͡zʱʌ̤ɳɖä]
झरना	dzʱ ʌ r ʌ n a	ɟʰˈʌɾənˌaː	agree	yes	[d͡zʱʌ̤ɾʌnä]
झरी	dzʱ ʌ r i	ɟʰˈʌɾi	agree	yes	[d͡zʱʌ̤ɾi]
झाँट	dzʱ ã ʈ	ɟʰˈãʈ	agree	yes	[d͡zʱä̤̃ʈ]
झाक्री	dzʱ a k r i	ɟʰˈaːkɾi	agree	yes	[d͡zʱä̤kri]
झाडु	dzʱ a ɖ u	ɟʰˈaːɖu	agree	yes	[d͡zʱä̤ɽu]
झिङो	dzʱ i ŋ o	ɟʰˈɪŋoː	agree	yes	[d͡zʱi̤ŋo]
झुम्का	dzʱ u m k a	ɟʰˈumkaː	agree	yes	[d͡zʱṳmkä]
झैझगडा	dzʱ ʌi dzʱ ʌ g ɖ a	ɟʰˈaiɟʰəɡɖˌaː	audio	no	
झोला	dzʱ o l a	ɟʰˈoːlaː	agree	yes	[d͡zʱo̤lä]
झ्याल	dzʱ j a l	ɟʰjˈaːl	agree	yes	[d͡zʱjäl]
टपरी	ʈ ʌ p ʌ r i	ʈˈʌpəɾˌiː	agree	yes	[ʈʌpʌɾi]
टमाटर	ʈ ʌ m a ʈ ʌ r	ʈəmˈaːʈəɾ	agree	no	[ʈʌmäʈʌr]
टर्क	ʈ ʌ r k	ʈˈʌɾk	audio	no	
टाइमपासको	ʈ a i m p a s k o	ʈˌaːɪmpˈaːskˌoː	audio	no	
टाउको	ʈ a u k o	ʈˈaːʊkˌoː	agree	yes	[ʈäu̯ko]
टिकट	ʈ i k ʌ ʈ	ʈˈɪkəʈ	agree	yes	[ʈikʌʈ]
टिकटकमार्फत	ʈ i k ʌ ʈ ʌ k m a r pʰ ʌ t̪	ʈˌɪkəʈˌəkmˈaːɾpʰət	audio	no	
टिकटकमै	ʈ i k ʌ ʈ ʌ k m ʌi	ʈˈɪkəʈˌəkmˌai	audio	no	
टिलपिल	ʈ i l p i l	ʈˈɪlpˌɪl	audio	no	
टीका	ʈ i k a	ʈˈɪːkaː	agree	yes	[ʈikä]
टीकापुर	ʈ i k a p u r ʌ	ʈɪːkˈaːpuɾˌə	audio	yes	
टील	ʈ i l	ʈˈɪːl	agree	yes	[ʈil]
टुँडालदेवी	ʈ ũ ɖ a l d̪ e w i	ʈũɖˈaːldeːwˈiː	audio	no	
टुंग	ʈ u ŋ g	ʈˈuŋɡ	audio	yes	
टुट्नु	ʈ u ʈ n u	ʈˈuʈnˌu	agree	no	[ʈuʈɳu]
टेकपानालाई	ʈ e k p a n a l a i	ʈˌeːkpˌaːnaːlˈaːi	audio	no	
टेकपानासँग	ʈ e k p a n a s ʌ̃ g ʌ	ʈˌeːkpˌaːnaːsˈʌ̃ɡˌə	audio	no	
टेबलतिरै	ʈ e b ʌ l t̪ i r ʌi	ʈˈeːbəltˌɪɾˌai	audio	no	
टेबुल	ʈ e b u l	ʈˈeːbul	agree	yes	[ʈebul]
टेलिभिजनका	ʈ e l i bʱ i dz ʌ n ʌ k a	ʈˈeːlɪbʰˌɪɟənˌəkaː	audio	yes	
टेस्ट	ʈ e s ʈ ʌ	ʈˈeːsʈˌə	audio	yes	
टेस्टिङ	ʈ e s ʈ i ŋ ʌ	ʈˈeːsʈɪŋˌə	audio	no	
टोकटोकको	ʈ o k ʈ o k k o	ʈˌoːkʈˈoːkkˌoː	audio	no	
टोकटोकतिर	ʈ o k ʈ o k t̪ i r ʌ	ʈˌoːkʈˈoːktˌɪɾˌə	audio	no	
टोकटोकमा	ʈ o k ʈ o k m a	ʈˌoːkʈˈoːkmˌaː	audio	no	
टोक्नु	ʈ o k n u	ʈˈoːknˌu	agree	no	[ʈoknu]
टोपी	ʈ o p i	ʈˈoːpi	agree	yes	[ʈopi]
टोलटोलबाट	ʈ o l ʈ o l b a ʈ ʌ	ʈˌoːlʈˌoːlbˈaːʈˌə	audio	no	
ट्याक्सी	ʈ j a k s i	ʈjˈaːksi	agree	no	[ʈjäksi]
ट्याबलेट	ʈ j a b l e ʈ	ʈjˌaːblˈeːʈ	audio	no	
ट्राफिक	ʈ r a pʰ i k ʌ	ʈɾˈaːpʰɪkˌə	audio	yes	
ट्रिटमेन्ट	ʈ r i ʈ m e n ʈ ʌ	ʈɾˌɪʈmˈeːnʈˌə	audio	no	
ट्रेड	ʈ r e ɖ ʌ	ʈɾˈeːɖˌə	audio	no	
ट्रेडमार्क	ʈ r e ɖ m a r k ʌ	ʈɾˌeːɖmˈaːɾkˌə	audio	no	
ट्रेडमार्कमा	ʈ r e ɖ m a r k ʌ m a	ʈɾˌeːɖmˈaːɾkəmˌaː	audio	no	
ट्रेन	ʈ r e n	ʈɾˈeːn	owner	yes	
ट्रेन्ड	ʈ r e n ɖ	ʈɾˈeːnɖ	audio	no	
ट्रेन्डलाई	ʈ r e n ɖ l a i	ʈɾˈeːnɖlˌaːi	audio	no	
ठकुरी	ʈʰ ʌ k u r i	ʈʰˈʌkuɾˌiː	agree	yes	[ʈʰʌkuɾi]
ठन्कनु	ʈʰ ʌ n k ʌ n u	ʈʰˈʌnkənˌu	agree	yes	[ʈʰʌnkʌnu]
ठन्काउनु	ʈʰ ʌ n k a u n u	ʈʰənkˈaːʊnˌu	agree	yes	[ʈʰʌnkäu̯nu]
ठाउँ	ʈʰ a ũ	ʈʰˈaːũ	agree	yes	[ʈʰäũ]
ठीक	ʈʰ i k	ʈʰˈɪːk	agree	no	[ʈʰik]
ठीकै	ʈʰ i k ʌi	ʈʰˈɪːkai	agree	yes	[ʈʰikʌi̯]
ठुलो	ʈʰ u l o	ʈʰˈuloː	agree	yes	[ʈʰulo]
ठूलो	ʈʰ u l o	ʈʰˈuːloː	agree	yes	[ʈʰulo]
ठेकदार	ʈʰ e k d̪ a r	ʈʰˌeːkdˈaːɾ	audio	no	
ठेट्	ʈʰ e ʈ	ʈʰˈeːʈ	agree	yes	[ʈʰeʈ]
ठेलमठेल	ʈʰ e l ʌ m ʈʰ e l	ʈʰˌeːləmʈʰˈeːl	audio	no	
ठोक्	ʈʰ o k	ʈʰˈoːk	agree	yes	[ʈʰok]
ठोक्नु	ʈʰ o k n u	ʈʰˈoːknˌu	agree	no	[ʈʰoknu]
डकुमेन्टहरू	ɖ ʌ k u m e n ʈ ɦ ʌ r u	ɖˌəkumˈeːnʈhˌəɾuː	audio	no	
डङका	ɖ ʌ ŋ k a	ɖˈʌŋkˌaː	agree	no	[ɖʌŋkä]
डच	ɖ ʌ ts	ɖˈʌc	agree	yes	[ɖʌt͡s]
डडेलधुरा	ɖ ʌ ɖ e l d̪ʱ u r a	ɖəɖˈeːldʰˌuɾaː	owner	no	
डराउनु	ɖ ʌ r a u n u	ɖəɾˈaːʊnˌu	agree	yes	[ɖʌɾäu̯nu]
डलर	ɖ ʌ l ʌ r	ɖˈʌləɾ	agree	no	[ɖʌlʌr]
डाँका	ɖ ã k a	ɖãkˈaː	agree	yes	[ɖä̃kä]
डाँडा	ɖ ã ɖ a	ɖãɖˈaː	agree	yes	[ɖä̃ɽä]
डाका	ɖ a k a	ɖˈaːkaː	agree	yes	[ɖäkä]
डाक्टर	ɖ a k ʈ ʌ r	ɖˈaːkʈəɾ	agree	no	[ɖäk̚ʈʌr]
डाक्टरी	ɖ a k ʈ ʌ r i	ɖˈaːkʈəɾˌiː	agree	yes	[ɖäk̚ʈʌɾi]
डायरी	ɖ a j r i	ɖˈaːjɾˌiː	audio	no	
डायरीमा	ɖ a j r i m a	ɖˌaːjɾˈɪːmaː	audio	no	
डायरीमै	ɖ a j r i m ʌi	ɖˌaːjɾˈɪːmai	audio	no	
डिएन	ɖ i e n	ɖɪˈeːn	audio	no	
डिएसपी	ɖ i e s p i	ɖɪˈeːspˌiː	audio	no	
डिपेन्डेटमा	ɖ i p e n ɖ e ʈ ʌ m a	ɖɪpˈeːnɖeːʈˌəmaː	audio	yes	
डिपेन्डेन्ट	ɖ i p e n ɖ e n ʈ	ɖˌɪpeːnɖˈeːnʈ	audio	no	
डिपेन्डेन्टमा	ɖ i p e n ɖ e n ʈ m a	ɖˌɪpeːnɖˈeːnʈmˌaː	audio	no	
डिशहोम	ɖ i s ɦ o m	ɖˌɪshˈoːm	audio	no	
डिशहोमले	ɖ i s ɦ o m l e	ɖˌɪshˈoːmlˌeː	audio	no	
डिसकनेक्ट	ɖ i s ʌ k ʌ n e k ʈ	ɖˌɪsəkənˈeːkʈ	audio	no	
डिसयुज्ड	ɖ i s ʌ j u dz ɖ	ɖˌɪsəjˈuɟɖ	audio	no	
डिसेम्बर	ɖ i s e m b ʌ r	ɖɪsˈeːmbəɾ	agree	no	[ɖisembʌr]
डुङ्गा	ɖ u ŋ g a	ɖˈuŋɡaː	agree	yes	[ɖuŋɡä]
डुल्नु	ɖ u l n u	ɖˈulnˌu	agree	no	[ɖulnu]
डेउडि	ɖ e u ɖ i	ɖˈeːʊɖˌɪ	agree	yes	[ɖeu̯ɽi]
डेटासेन्टर	ɖ e ʈ a s e n ʈ ʌ r ʌ	ɖˌeːʈaːsˈeːnʈəɾˌə	audio	yes	
डेलिभरी	ɖ e l i bʱ r i	ɖˈeːlɪbʰɾˌi	audio	no	
ड्याङ्ङ	ɖ j a ŋ ŋ ʌ	ɖjˈaːŋŋˌə	audio	no	
ड्रोन	ɖ r o n	ɖɾˈoːn	owner	yes	
ढलको	ɖʱ ʌ l ʌ k o	ɖʰˈʌləkˌoː	audio	yes	
ढल्नु	ɖʱ ʌ l n u	ɖʰˈʌlnˌu	agree	no	[ɖʱʌ̤lnu]
ढाँचा	ɖʱ ã ts a	ɖʰãcˈaː	agree	yes	[ɖʱä̤̃t͡sä]
ढाका	ɖʱ a k a	ɖʰˈaːkaː	agree	yes	[ɖʱä̤kä]
ढाक्नु	ɖʱ a k n u	ɖʰˈaːknˌu	agree	no	[ɖʱä̤knu]
ढाड	ɖʱ a ɖ	ɖʰˈaːɖ	agree	yes	[ɖʱä̤ɽ]
ढामढुम	ɖʱ a m ɖʱ u m	ɖʰˈaːmɖʰˌum	audio	no	
ढाल्नु	ɖʱ a l n u	ɖʰˈaːlnˌu	agree	no	[ɖʱä̤lnu]
ढिँडो	ɖʱ ĩ ɖ o	ɖʰĩɖˈoː	agree	yes	[ɖʱĩɽo]
ढिटो	ɖʱ i ʈ o	ɖʰˈɪʈoː	agree	yes	[ɖʱi̤ʈo]
ढिलो	ɖʱ i l o	ɖʰˈɪloː	agree	yes	[ɖʱi̤lo]
ढुकुर	ɖʱ u k u r	ɖʰˈukuɾ	owner	no	[ɖʱṳkuɾʌ]
ढुङ्गा	ɖʱ u ŋ g a	ɖʰˈuŋɡaː	agree	yes	[ɖʱṳŋɡä]
ढेडु	ɖʱ e ɖ u	ɖʰˈeːɖu	agree	yes	[ɖʱe̤ɽu]
ढोका	ɖʱ o k a	ɖʰˈoːkaː	agree	yes	[ɖʱo̤kä]
त	t̪ ʌ	tˈə	agree	yes	[t̪ʌ]
तँ	t̪ ʌ̃	tˈʌ̃	agree	yes	[t̪ʌ̃]
तँमा	t̪ ʌ̃ m a	tʌ̃mˈaː	agree	yes	[t̪ʌ̃mä]
तँलाई	t̪ ʌ̃ l a i	tʌ̃lˈaːi	agree	yes	[t̪ʌ̃läi̯]
तकिया	t̪ ʌ k i j a	tˈʌkɪjˌaː	agree	yes	[t̪ʌkijä]
तताउनु	t̪ ʌ t̪ a u n u	tətˈaːʊnˌu	agree	yes	[t̪ʌt̪äu̯nu]
तत्परता	t̪ ʌ t̪ p ʌ r t̪ a	tˈʌtpəɾtˌaː	audio	no	
तथा	t̪ ʌ t̪ʰ a	tˈʌtʰaː	agree	yes	[t̪ʌt̪ʰä]
तथापि	t̪ ʌ t̪ʰ a p i	tətʰˈaːpɪ	agree	yes	[t̪ʌt̪ʰäpi]
तथ्यले	t̪ ʌ t̪ʰ j l e	tˈʌtʰjlˌeː	audio	no	
तथ्याङ्क	t̪ ʌ t̪ʰ j a ŋ k ʌ	tətʰjˈaːŋkˌə	agree	yes	[t̪ʌt̪ʰjäŋkʌ]
तन्ना	t̪ ʌ n n a	tˈʌnnˌaː	agree	yes	[t̪ʌnːä]
तपाइँहरुलाई	t̪ ʌ p a ĩ ɦ r u l a i	tˌəpaːĩhɾˈulˌaːi	audio	no	
तपाईं	t̪ ʌ p a ĩ	tˌəpaːˈĩ	agree	no	[t̪ʌpäĩ̯]
तपाईंको	t̪ ʌ p a ĩ k o	tˌəpaːˈĩkoː	agree	no	[t̪ʌpäĩ̯ko]
तपाईंमा	t̪ ʌ p a ĩ m a	tˌəpaːˈĩmaː	agree	no	[t̪ʌpäĩ̯mä]
तपाईंलाई	t̪ ʌ p a ĩ l a i	tˌəpaːˈĩlaːˌiː	owner	no	[t̪ʌpä̃ĩ̯läi̯]
तपाईंले	t̪ ʌ p a ĩ l e	tˌəpaːˈĩleː	owner	no	[t̪ʌpä̃ĩ̯le]
तय	t̪ ʌ j	tˈʌj	audio	no	
तर	t̪ ʌ r ʌ	tˈʌɾˌə	agree	no	[t̪ʌ.rʌ] / [t̪ʌr]
तरकारी	t̪ ʌ r k a r i	tˌəɾkˈaːɾi	owner	no	[t̪ʌrkäɾi]
तर्फबाट	t̪ ʌ r pʰ ʌ b a ʈ ʌ	tˌəɾpʰəbˈaːʈˌə	agree	no	[t̪ʌrpʰʌ‿bäʈʌ]
तस्बिर	t̪ ʌ s b i r	tˈʌsbɪɾ	owner	no	[t̪ʌsbiɾʌ]
ताकिति	t̪ a k i t̪ i	tˈaːkɪtˌɪ	agree	yes	[t̪äkit̪i]
ताछ्नु	t̪ a tsʰ n u	tˈaːcʰnˌu	agree	no	[t̪ät͡sʰnu]
तातो	t̪ a t̪ o	tˈaːtoː	agree	yes	[t̪ät̪o]
तात्नु	t̪ a t̪ n u	tˈaːtnˌu	agree	no	[t̪ät̪n̪u]
तान्नु	t̪ a n n u	tˈaːnnˌu	agree	no	[t̪änːu]
ताप	t̪ a p	tˈaːp	agree	yes	[t̪äp]
तामझाम	t̪ a m dzʱ a m	tˌaːmɟʰˈaːm	audio	no	
तामझामका	t̪ a m dzʱ a m k a	tˌaːmɟʰˈaːmkˌaː	audio	no	
तारा	t̪ a r a	tˈaːɾaː	agree	yes	[t̪äɾä]
तारिख	t̪ a r i kʰ	tˈaːɾɪkʰ	agree	yes	[t̪äɾik̞ʰ]
ताल	t̪ a l	tˈaːl	agree	yes	[t̪äl]
तालमेल	t̪ a l m e l	tˌaːlmˈeːl	audio	no	
ताल्चा	t̪ a l ts a	tˈaːlcaː	agree	yes	[t̪äl̻t͡sä]
तास	t̪ a s	tˈaːs	agree	yes	[t̪äs]
तिखो	t̪ i kʰ o	tˈɪkʰoː	agree	yes	[t̪ik̞ʰo]
तितो	t̪ i t̪ o	tˈɪtoː	agree	yes	[t̪it̪o]
तिनपैनीका	t̪ i n p ʌi n i k a	tˌɪnpainˈɪːkaː	audio	no	
तिब्बत	t̪ i b b ʌ t̪	tˈɪbbət	agree	yes	[t̪ib̚bʌt̪]
तिमि	t̪ i m i	tˈɪmɪ	agree	yes	[t̪imi]
तिमी	t̪ i m i	tˈɪmi	agree	yes	[t̪imi]
तिमीमा	t̪ i m i m a	tɪmˈɪːmaː	agree	yes	[t̪imimä]
तिमीलाई	t̪ i m i l a i	tˌɪmɪːlˈaːi	agree	yes	[t̪imiläi̯]
तिमीले	t̪ i m i l e	tɪmˈɪːleː	agree	yes	[t̪imile]
तिम्रो	t̪ i m r o	tˈɪmɾoː	agree	yes	[t̪imro]
तिर	t̪ i r ʌ	tˈɪɾˌə	agree	yes	[t̪iɾʌ]
तिरत्तर	t̪ i r ʌ t̪ t̪ ʌ r	tɪɾˈʌttˌəɾ	agree	no	[t̪iɾʌt̪̚t̪ʌr]
तिरमिराउँथ्यो	t̪ i r m i r a ũ t̪ʰ j o	tˌɪɾmˌɪɾaːˈũtʰjˌoː	audio	no	
तिरमिराए	t̪ i r m i r a e	tˌɪɾmɪɾˈaːeː	audio	no	
तिरानब्बे	t̪ i r a n ʌ b b e	tˌɪɾaːnˈʌbbeː	agree	yes	[t̪iɾänʌb̚be]
तिरासी	t̪ i r a s i	tɪɾˈaːsi	agree	yes	[t̪iɾäsi]
तिर्चालिस	t̪ i r ts a l i s	tɪɾcˈaːlɪs	agree	no	[t̪irt͡sälis]
तिर्नु	t̪ i r n u	tˈɪɾnˌu	agree	no	[t̪irnu]
तिर्पन्न	t̪ i r p ʌ n n ʌ	tɪɾpˈʌnnˌə	agree	no	[t̪irpʌnːʌ]
तिर्सट्ठी	t̪ i r s ʌ ʈ ʈʰ i	tɪɾsˈʌʈʈʰˌiː	agree	no	[t̪irsʌʈ̚ʈʰi]
तिहार	t̪ i ɦ a r	tɪhˈaːɾ	agree	no	[t̪i(ɦ)är]
ती	t̪ i	tˈiː	agree	yes	[t̪i]
तीन	t̪ i n	tˈɪːn	owner	yes	[t̪inʌ]
तीनधारा	t̪ i n d̪ʱ a r a	tˌɪːndʰˈaːɾaː	audio	no	
तीनपैनी	t̪ i n p ʌi n i	tˌɪːnpˈaini	audio	no	
तीर	t̪ i r	tˈɪːɾ	owner	no	[t̪iɾʌ]
तीस	t̪ i s	tˈɪːs	agree	yes	[t̪is]
तुतुरो	t̪ u t̪ u r o	tˈutuɾˌoː	agree	yes	[t̪ut̪uɾo]
तुरी	t̪ u r i	tˈuɾi	agree	yes	[t̪uɾi]
तेईं	t̪ e ĩ	teːˈĩ	agree	no	[t̪eĩ̯]
तेईस	t̪ e i s	teːˈɪːs	agree	yes	[t̪ei̯s]
तेजारत	t̪ e dz a r ʌ t̪	teːɟˈaːɾət	agree	yes	[t̪e(d)zäɾʌt̪]
तेत्तीस	t̪ e t̪ t̪ i s	tˈeːttˌɪːs	agree	yes	[t̪et̪̚t̪is]
तेरो	t̪ e r o	tˈeːɾoː	agree	yes	[t̪eɾo]
तेर्सिनु	t̪ e r s i n u	tˈeːɾsɪnˌu	agree	no	[t̪ersinu]
तेर्सो	t̪ e r s o	tˈeːɾsoː	agree	no	[t̪erso]
तेल	t̪ e l	tˈeːl	agree	yes	[t̪el]
तेस्रो	t̪ e s r o	tˈeːsɾoː	agree	yes	[t̪esro]
तेह्र	t̪ e ɦ r ʌ	tˈeːhɾˌə	owner	yes	[t̪eɾʌ]
तैरिनु	t̪ ʌi r i n u	tˈaiɾɪnˌu	agree	no	[t̪ʌi̯ɾinu]
तौलिया	t̪ ʌu l i j a	tˈʌulɪjˌaː	agree	yes	[t̪ʌu̯lijä]
त्यतिञ्जेल	t̪ j ʌ t̪ i n dz e l ʌ	tjˌətɪnɟˈeːlˌə	audio	no	
त्यसकारण	t̪ j ʌ s k a r ʌ n	tjˌəskˈaːɾən	audio	no	
त्यसबारे	t̪ j ʌ s b a r e	tjˌəsbˈaːɾeː	audio	no	
त्यसबाहेक	t̪ j ʌ s b a ɦ e k	tjˌəsbaːhˈeːk	audio	no	
त्यसबाहेकका	t̪ j ʌ s b a ɦ e k k a	tjˌəsbaːhˈeːkkˌaː	audio	no	
त्यसबेला	t̪ j ʌ s b e l a	tjˌəsbˈeːlaː	audio	no	
त्यसभित्र	t̪ j ʌ s bʱ i t̪ r ʌ	tjˌəsbʰˈɪtɾˌə	audio	no	
त्यसमार्फत	t̪ j ʌ s m a r pʰ ʌ t̪	tjˌəsmˈaːɾpʰət	audio	no	
त्यसमै	t̪ j ʌ s m ʌi	tjˈʌsmˌai	audio	no	
त्यान्द्रो	t̪ j a n d̪ r o	tjˈaːndɾoː	agree	yes	[t̪jän̪d̪ro]
त्यो	t̪ j o	tjˈoː	agree	yes	[t̪jo]
त्रिचालीस	t̪ r i ts a l i s	tɾˌɪcaːlˈɪːs	agree	yes	[t̪rit͡sälis]
त्रिपन्न	t̪ r i p ʌ n n ʌ	tɾɪpˈʌnnˌə	agree	yes	[t̪ripʌnːʌ]
त्रिपुरेश्वर	t̪ r i p u r e s w ʌ r ʌ	tɾˌɪpuɾeːswəɾˈʌ	audio	no	
त्रियानब्बे	t̪ r i j a n ʌ b b e	tɾˌɪjaːnˈʌbbeː	agree	yes	[t̪rijänʌb̚be]
त्रियासी	t̪ r i j a s i	tɾɪjˈaːsi	agree	yes	[t̪rijäsi]
त्रिसट्ठी	t̪ r i s ʌ ʈ ʈʰ i	tɾɪsˈʌʈʈʰˌiː	agree	yes	[t̪risʌʈ̚ʈʰi]
त्रिहत्तर	t̪ r i ɦ ʌ t̪ t̪ ʌ r	tɾɪhˈʌttˌəɾ	agree	no	[t̪riɦʌt̪̚t̪ʌr]
त्रैमास	t̪ r ʌi m a s ʌ	tɾaimˈaːsˌə	audio	no	
थप्दै	t̪ʰ ʌ p d̪ ʌi	tʰˈʌpdai	agree	yes	[t̪ʰʌp̚d̪ʌi̯]
थप्न	t̪ʰ ʌ p n ʌ	tʰˈʌpnˌə	agree	yes	[t̪ʰʌpnʌ]
थप्नु	t̪ʰ ʌ p n u	tʰˈʌpnˌu	agree	no	[t̪ʰʌpnu]
थर	t̪ʰ ʌ r	tʰˈʌɾ	agree	no	[t̪ʰʌr]
थानु	t̪ʰ a n u	tʰˈaːnˌu	agree	no	[t̪ʰänu]
थापा	t̪ʰ a p a	tʰˈaːpaː	agree	yes	[t̪ʰäpä]
थाल	t̪ʰ a l	tʰˈaːl	agree	yes	[t̪ʰäl]
थाहा	t̪ʰ a ɦ a	tʰˈaːhaː	agree	yes	[t̪ʰä̤ː] / [t̪ʰäʔä]
थिइन	t̪ʰ i i n ʌ	tʰˈɪɪnˌə	audio	no	
थिचेर	t̪ʰ i ts e r ʌ	tʰɪcˈeːɾˌə	agree	yes	[t̪ʰit͡seɾʌ]
थिच्नु	t̪ʰ i ts n u	tʰˈɪcnˌu	agree	no	[t̪ʰit͡snu]
थियो	t̪ʰ i j o	tʰˈɪjoː	agree	yes	[t̪ʰijo]
थुक्नु	t̪ʰ u k n u	tʰˈuknˌu	agree	no	[t̪ʰuknu]
थुरी	t̪ʰ u r i	tʰˈuɾi	agree	yes	[t̪ʰuɾi]
थ्यांक	t̪ʰ j a ŋ k	tʰjˈaːŋk	audio	no	
दगुर्नु	d̪ ʌ g u r n u	dəɡˈuɾnˌu	agree	no	[d̪ʌɡ̞urnu]
दबाउनु	d̪ ʌ b a u n u	dəbˈaːʊnˌu	agree	yes	[d̪ʌbäu̯nu]
दरखास्त	d̪ ʌ r kʰ a s t̪ ʌ	dˌəɾkʰˈaːstˌə	audio	no	
दरबार	d̪ ʌ r b a r	dˌəɾbˈaːɾ	owner	no	[d̪ʌrbär]
दरबारको	d̪ ʌ r b a r k o	dˌəɾbˈaːɾkˌoː	audio	no	
दरबारमार्गको	d̪ ʌ r ʌ b a r ʌ m a r g k o	dˌəɾəbˌaːɾəmˈaːɾɡkˌoː	audio	no	
दलभित्र	d̪ ʌ l bʱ i t̪ r ʌ	dˌəlbʰˈɪtɾˌə	audio	no	
दलहरू	d̪ ʌ l ʌ ɦ ʌ r u	dˈʌləhˌəɾuː	audio	yes	
दलहरूका	d̪ ʌ l ʌ ɦ ʌ r u k a	dˌələhəɾˈuːkaː	audio	yes	
दलहरूले	d̪ ʌ l ʌ ɦ ʌ r u l e	dˌələhəɾˈuːleː	audio	yes	
दलहरूसँग	d̪ ʌ l ʌ ɦ ʌ r u s ʌ̃ g ʌ	dˌələhˌəɾuːsˈʌ̃ɡˌə	audio	no	
दल्नु	d̪ ʌ l n u	dˈʌlnˌu	agree	no	[d̪ʌlnu]
दश	d̪ ʌ s	dˈʌs	agree	yes	[d̪ʌs]
दशकयता	d̪ ʌ s ʌ k ʌ j t̪ a	dˈʌsəkˌəjtˌaː	audio	no	
दस	d̪ ʌ s	dˈʌs	agree	yes	[d̪ʌs]
दाँज्नु	d̪ ã dz n u	dãɟnˈu	agree	no	[d̪ä̃(d)znu]
दाँत	d̪ ã t̪	dˈãt	agree	yes	[d̪ä̃t̪]
दाइ	d̪ a i	dˈaːɪ	agree	yes	[d̪äi̯]
दाई	d̪ a i	dˈaːi	agree	yes	[d̪äi̯]
दाजु	d̪ a dz u	dˈaːɟu	agree	yes	[d̪ä(d)zu] / [d̪ä(d)zju]
दाडिम	d̪ a ɖ i m	dˈaːɖɪm	agree	no	[d̪äɽim]
दाना	d̪ a n a	dˈaːnaː	agree	yes	[d̪änä]
दाम्पत्य	d̪ a m p ʌ t̪ j	daːmpˈʌtj	audio	no	
दायरा	d̪ a j r a	dˈaːjɾˌaː	audio	no	
दायराभित्र	d̪ a j r a bʱ i t̪ r ʌ	dˌaːjɾaːbʰˈɪtɾˌə	audio	no	
दायरामा	d̪ a j r a m a	dˌaːjɾˈaːmaː	audio	no	
दारिम	d̪ a r i m	dˈaːɾɪm	agree	no	[d̪äɾim]
दारी	d̪ a r i	dˈaːɾi	agree	yes	[d̪äɾi]
दार्जिलिङ	d̪ a r dz i l i ŋ	dˈaːɾɟɪlˌɪŋ	agree	no	[d̪ärd͡ziliŋ]
दालभात	d̪ a l bʱ a t̪	dˌaːlbʰˈaːt	audio	no	
दाहालबीच	d̪ a ɦ a l b i ts	dˌaːhaːlbˈɪːc	audio	no	
दाहालहरूलाई	d̪ a ɦ a l ʌ ɦ ʌ r u l a i	dˌaːhaːlˌəhəɾuːlˈaːi	audio	yes	
दिइरहेका	d̪ i i r ɦ e k a	dˌɪɪɾhˈeːkaː	audio	no	
दिइरहेको	d̪ i i r ɦ e k o	dˌɪɪɾhˈeːkoː	audio	no	
दिउँसो	d̪ i ũ s o	dˌɪũsˈoː	agree	yes	[d̪iũso]
दिक्क	d̪ i k k ʌ	dˈɪkkˌə	agree	yes	[d̪ik̚kʌ]
दिदी	d̪ i d̪ i	dˈɪdi	agree	yes	[d̪id̪i]
दिन	d̪ i n ʌ	dˈɪnˌə	owner	no	[d̪in] / [d̪inʌ]
दिनको	d̪ i n ʌ k o	dˈɪnəkˌoː	owner	yes	[d̪inko]
दिनदिनै	d̪ i n d̪ i n ʌi	dˈɪndˌɪnai	audio	no	
दिनबाटै	d̪ i n b a ʈ ʌi	dˌɪnbˈaːʈai	audio	no	
दिनभित्र	d̪ i n bʱ i t̪ r ʌ	dˌɪnbʰˈɪtɾˌə	audio	no	
दिनमै	d̪ i n m ʌi	dˈɪnmˌai	audio	no	
दिनु	d̪ i n u	dˈɪnˌu	agree	no	[d̪inu]
दिन्छ	d̪ i n tsʰ ʌ	dˈɪncʰˌə	agree	yes	[d̪in̻t͡sʰʌ]
दिल्ली	d̪ i l l i	dˈɪlli	agree	no	[d̪illi]
दिशा	d̪ i s a	dˈɪsaː	agree	yes	[d̪isä]
दिसा	d̪ i s a	dˈɪsaː	agree	yes	[d̪isä]
दुःख	d̪ u kʰ ʌ	dˈukʰˌə	owner	yes	[d̪uk̚kʰʌ] / [d̪uk̞ʰʌ]
दुई	d̪ u i	dˈui	agree	yes	[d̪ui̯]
दुईबीच	d̪ u i b i ts ʌ	dˌuɪːbˈɪːcˌə	audio	no	
दुईवटा	d̪ u i w ʌ ʈ a	duˈɪːwəʈˌaː	agree	yes	[d̪ui̯wʌʈä]
दुख	d̪ u kʰ ʌ	dˈukʰˌə	owner	no	[d̪u.kʰʌ]
दुखी	d̪ u kʰ i	dˈukʰi	agree	yes	[d̪uk̞ʰi]
दुख्नु	d̪ u kʰ n u	dˈukʰnˌu	agree	no	[d̪uk̞ʰnu]
दुतावास	d̪ u t̪ a b a s	dˌutaːbˈaːs	owner	no	[d̪ut̪äbäs]
दुद	d̪ u d̪	dˈud	agree	yes	[d̪ud̪]
दुना	d̪ u n a	dˈunaː	agree	yes	[d̪unä]
दुनु	d̪ u n u	dˈunˌu	agree	no	[d̪unu]
दुनो	d̪ u n o	dˈunoː	agree	yes	[d̪uno]
दुर्गति	d̪ u r g ʌ t̪ i	dˈuɾɡətˌɪ	agree	no	[d̪urɡʌt̪i]
दुर्घटनामा	d̪ u r gʱ ʌ ʈ n a m a	dˌuɾɡʰəʈnˈaːmaː	audio	no	
दुश्मन	d̪ u s m ʌ n	dˈusmən	agree	yes	[d̪usmʌn]
दूतावास	d̪ u t̪ a b a s	dˌuːtaːbˈaːs	owner	no	[d̪ut̪äbäs]
दूरगामी	d̪ u r g a m i	dˌuːɾɡˈaːmi	audio	no	
दूरतामा	d̪ u r t̪ a m a	dˌuːɾtˈaːmaː	audio	no	
दृश्यहरू	d̪ r i s j ɦ ʌ r u	dɾˈɪsjhˌəɾuː	audio	no	
दे	d̪ e	dˈeː	agree	yes	[d̪e]
देउ	d̪ e u	dˈeːʊ	agree	yes	[d̪eu̯]
देउखुरी	d̪ e u kʰ u r i	dˈeːʊkʰˌuɾi	agree	yes	[d̪eu̯k̞ʰuɾi]
देउरानी	d̪ e u r a n i	dˌeːʊɾˈaːni	agree	yes	[d̪eu̯ɾäni]
देओर	d̪ e o r	deːˈoːɾ	agree	no	[d̪eor]
देखाइरहेको	d̪ e kʰ a i r ɦ e k o	dˌeːkʰaːˌɪɾhˈeːkoː	audio	no	
देखाउनु	d̪ e kʰ a u n u	deːkʰˈaːʊnˌu	agree	yes	[d̪ek̞ʰäu̯nu]
देखि	d̪ e kʰ i	dˈeːkʰɪ	agree	yes	[d̪ek̞ʰi]
देखिन	d̪ e kʰ i n ʌ	dˈeːkʰɪnˌə	audio	no	
देखिनका	d̪ e kʰ i n ʌ k a	dˈeːkʰɪnˌəkaː	audio	yes	
देखिनु	d̪ e kʰ i n u	dˈeːkʰɪnˌu	agree	no	[d̪ek̞ʰinu]
देखिरहेका	d̪ e kʰ i r ɦ e k a	dˌeːkʰɪɾhˈeːkaː	audio	no	
देख्नु	d̪ e kʰ n u	dˈeːkʰnˌu	agree	no	[d̪ek̞ʰnu]
देवकुमारी	d̪ e w k u m a r i	dˌeːwkumˈaːɾi	audio	no	
देवनागरी	d̪ e w n a g ʌ r i	dˌeːwnˈaːɡəɾˌiː	owner	no	[d̪ebʌnäɡ̞ʌɾi]
देवर	d̪ e w ʌ r	dˈeːwəɾ	agree	no	[d̪ewʌr]
देश	d̪ e s	dˈeːs	agree	yes	[d̪es]
देशकै	d̪ e s k ʌi	dˈeːskˌai	audio	no	
देशबीचको	d̪ e s b i ts k o	dˌeːsbˈɪːckˌoː	audio	no	
देशभित्र	d̪ e s bʱ i t̪ r ʌ	dˌeːsbʰˈɪtɾˌə	audio	no	
देशभित्रै	d̪ e s bʱ i t̪ r ʌi	dˌeːsbʰˈɪtɾai	audio	no	
देशमै	d̪ e s m ʌi	dˈeːsmˌai	audio	no	
देसि	d̪ e s i	dˈeːsɪ	agree	yes	[d̪esi]
देसी	d̪ e s i	dˈeːsi	agree	yes	[d̪esi]
दोकान	d̪ o k a n	doːkˈaːn	agree	yes	[d̪okän]
दौडधूप	d̪ ʌu ɖ d̪ʱ u p	dˌʌuɖdʰˈuːp	audio	no	
दौडनु	d̪ ʌu ɖ ʌ n u	dˈʌuɖənˌu	agree	yes	[d̪ʌu̯ɽʌnu] / [d̪ʌu̯ɽinu]
द्वन्द्वात्मक	d̪ w ʌ n d̪ w a t̪ m ʌ k ʌ	dwəndwˈaːtməkˌə	audio	no	
धकेल्नु	d̪ʱ ʌ k e l n u	dʰəkˈeːlnˌu	agree	no	[d̪ʱʌ̤kelnu]
धड्किन	d̪ʱ ʌ ɖ k i n ʌ	dʰˈʌɖkɪnˌə	audio	no	
धत्तेरि	d̪ʱ ʌ t̪ t̪ e r i	dʰˈʌttˌeːɾɪ	agree	yes	[d̪ʱʌ̤t̪̚t̪eɾi]
धत्तेरी	d̪ʱ ʌ t̪ t̪ e r i	dʰˈʌttˌeːɾi	agree	yes	[d̪ʱʌ̤t̪̚t̪eɾi]
धनकुटा	d̪ʱ ʌ n k u ʈ a	dʰˈʌnkˌuʈaː	audio	no	
धनकुटाका	d̪ʱ ʌ n k u ʈ a k a	dʰˌənkuʈˈaːkaː	audio	no	
धनकुटाबाट	d̪ʱ ʌ n k u ʈ a b a ʈ ʌ	dʰˌənkˌuʈaːbˈaːʈˌə	audio	no	
धनकुटामा	d̪ʱ ʌ n k u ʈ a m a	dʰˌənkuʈˈaːmaː	audio	no	
धरान	d̪ʱ ʌ r a n	dʰəɾˈaːn	agree	yes	[d̪ʱʌ̤ɾän]
धराप	d̪ʱ ʌ r a p	dʰəɾˈaːp	agree	yes	[d̪ʱʌ̤ɾäp]
धरापिलो	d̪ʱ ʌ r a p i l o	dʰəɾˈaːpɪlˌoː	agree	yes	[d̪ʱʌ̤ɾäpilo]
धर्ती	d̪ʱ ʌ r t̪ i	dʰˈʌɾti	agree	no	[d̪ʱʌ̤rt̪i]
धर्म	d̪ʱ ʌ r m ʌ	dʰˈʌɾmˌə	agree	no	[d̪ʱʌ̤rmʌ]
धाइ	d̪ʱ a i	dʰˈaːɪ	agree	yes	[d̪ʱä̤i̯]
धाइरहेका	d̪ʱ a i r ɦ e k a	dʰˌaːɪɾhˈeːkaː	audio	no	
धाउनु	d̪ʱ a u n u	dʰˈaːʊnˌu	agree	yes	[d̪ʱä̤u̯nu]
धानिरहेका	d̪ʱ a n i r ɦ e k a	dʰˌaːnɪɾhˈeːkaː	audio	no	
धुनु	d̪ʱ u n u	dʰˈunˌu	agree	no	[d̪ʱṳnu]
धुलो	d̪ʱ u l o	dʰˈuloː	agree	yes	[d̪ʱṳlo]
धुवाँ	d̪ʱ u w ã	dʰuwˈã	agree	yes	[d̪ʱṳwä̃]
धुस्त्रो	d̪ʱ u s t̪ r o	dʰˈustɾoː	agree	yes	[d̪ʱṳst̪ro]
धेरै	d̪ʱ e r ʌi	dʰˈeːɾai	agree	yes	[d̪ʱe̤ɾʌi̯]
धोतिनी	d̪ʱ o t̪ i n i	dʰˈoːtɪnˌiː	agree	yes	[d̪ʱo̤t̪ini]
धोती	d̪ʱ o t̪ i	dʰˈoːti	agree	yes	[d̪ʱo̤t̪i]
ध्रुव	d̪ʱ r u w ʌ	dʰɾˈuwˌə	audio	yes	
ध्रुवका	d̪ʱ r u w ʌ k a	dʰɾˈuwəkˌaː	audio	yes	
नकटाई	n ʌ k ʌ ʈ a i	nˌəkəʈˈaːi	owner	yes	
नकटाऊ	n ʌ k ʌ ʈ a u	nˌəkəʈˈaːʊ	owner	yes	
नकटाए	n ʌ k ʌ ʈ a e	nˌəkəʈˈaːeː	owner	yes	
नकटाओ	n ʌ k ʌ ʈ a o	nˌəkəʈˈaːoː	owner	yes	
नकटेर	n ʌ k ʌ ʈ e r ʌ	nˌəkəʈˈeːɾˌə	owner	yes	
नकपेर	n ʌ k ʌ p e r ʌ	nˌəkəpˈeːɾˌə	owner	yes	
नकमाई	n ʌ k ʌ m a i	nˌəkəmˈaːi	owner	yes	
नकमाऊ	n ʌ k ʌ m a u	nˌəkəmˈaːʊ	owner	yes	
नकमाए	n ʌ k ʌ m a e	nˌəkəmˈaːeː	owner	yes	
नकमाओ	n ʌ k ʌ m a o	nˌəkəmˈaːoː	owner	yes	
नकराई	n ʌ k ʌ r a i	nˌəkəɾˈaːi	owner	yes	
नकराऊ	n ʌ k ʌ r a u	nˌəkəɾˈaːʊ	owner	yes	
नकराए	n ʌ k ʌ r a e	nˌəkəɾˈaːeː	owner	yes	
नकराओ	n ʌ k ʌ r a o	nˌəkəɾˈaːoː	owner	yes	
नक्कली	n ʌ k k ʌ l i	nˈʌkkˌəli	agree	yes	[nʌk̚kʌli]
नक्सा	n ʌ k s a	nˈʌksaː	agree	yes	[nʌksä]
नखनेर	n ʌ kʰ ʌ n e r ʌ	nˌəkʰənˈeːɾˌə	owner	yes	
नखसेर	n ʌ kʰ ʌ s e r ʌ	nˌəkʰəsˈeːɾˌə	owner	yes	
नगदमै	n ʌ g ʌ d̪ m ʌi	nˈʌɡədmˌai	audio	no	
नगनाई	n ʌ g ʌ n a i	nˌəɡənˈaːi	owner	yes	
नगनाऊ	n ʌ g ʌ n a u	nˌəɡənˈaːʊ	owner	yes	
नगनाए	n ʌ g ʌ n a e	nˌəɡənˈaːeː	owner	yes	
नगनाओ	n ʌ g ʌ n a o	nˌəɡənˈaːoː	owner	yes	
नगनेर	n ʌ g ʌ n e r ʌ	nˌəɡənˈeːɾˌə	owner	yes	
नगर	n ʌ g ʌ r	nˈʌɡəɾ	agree	no	[nʌɡ̞ʌr] / [nʌ‿ɡʌɾʌ]
नगरपालिका	n ʌ g ʌ r p a l i k a	nˌəɡəɾpˈaːlɪkˌaː	audio	no	
नगरपालिकाका	n ʌ g ʌ r p a l i k a k a	nˌəɡəɾpˌaːlɪkˈaːkaː	audio	no	
नगरपालिकाको	n ʌ g ʌ r p a l i k a k o	nˌəɡəɾpˌaːlɪkˈaːkoː	audio	no	
नगरपालिकामा	n ʌ g ʌ r p a l i k a m a	nˌəɡəɾpˌaːlɪkˈaːmaː	owner	no	
नगरपालिकाले	n ʌ g ʌ r p a l i k a l e	nˌəɡəɾpˌaːlɪkˈaːleː	audio	no	
नगराई	n ʌ g ʌ r a i	nˌəɡəɾˈaːi	owner	yes	
नगराऊ	n ʌ g ʌ r a u	nˌəɡəɾˈaːʊ	owner	yes	
नगराए	n ʌ g ʌ r a e	nˌəɡəɾˈaːeː	owner	yes	
नगराओ	n ʌ g ʌ r a o	nˌəɡəɾˈaːoː	owner	yes	
नगरेर	n ʌ g ʌ r e r ʌ	nˌəɡəɾˈeːɾˌə	owner	yes	
नगर्	n ʌ g ʌ r	nˈʌɡəɾ	agree	yes	[nʌɡ̞ʌr]
नघसेर	n ʌ gʱ ʌ s e r ʌ	nˌəɡʰəsˈeːɾˌə	owner	yes	
नङ	n ʌ ŋ	nˈʌŋ	agree	yes	[nʌŋ]
नचढेर	n ʌ ts ʌ ɖʱ e r ʌ	nˌəcəɖʰˈeːɾˌə	owner	yes	
नचपेट	n ʌ ts ʌ p e ʈ	nˌəcəpˈeːʈ	owner	yes	
नचबाई	n ʌ ts ʌ b a i	nˌəcəbˈaːi	owner	yes	
नचबाऊ	n ʌ ts ʌ b a u	nˌəcəbˈaːʊ	owner	yes	
नचबाए	n ʌ ts ʌ b a e	nˌəcəbˈaːeː	owner	yes	
नचबाओ	n ʌ ts ʌ b a o	nˌəcəbˈaːoː	owner	yes	
नचराई	n ʌ ts ʌ r a i	nˌəcəɾˈaːi	owner	yes	
नचराऊ	n ʌ ts ʌ r a u	nˌəcəɾˈaːʊ	owner	yes	
नचराए	n ʌ ts ʌ r a e	nˌəcəɾˈaːeː	owner	yes	
नचराओ	n ʌ ts ʌ r a o	nˌəcəɾˈaːoː	owner	yes	
नचरेर	n ʌ ts ʌ r e r ʌ	nˌəcəɾˈeːɾˌə	owner	yes	
नचलेर	n ʌ ts ʌ l e r ʌ	nˌəcəlˈeːɾˌə	owner	yes	
नछदाई	n ʌ tsʰ ʌ d̪ a i	nˌəcʰədˈaːi	owner	yes	
नछदाऊ	n ʌ tsʰ ʌ d̪ a u	nˌəcʰədˈaːʊ	owner	yes	
नछदाए	n ʌ tsʰ ʌ d̪ a e	nˌəcʰədˈaːeː	owner	yes	
नछदाओ	n ʌ tsʰ ʌ d̪ a o	nˌəcʰədˈaːoː	owner	yes	
नछुट्टिकन	n ʌ tsʰ u ʈ ʈ i k ʌ n ʌ	nəcʰˈuʈʈˌɪkənˌə	audio	no	
नछोइकन	n ʌ tsʰ o i k ʌ n ʌ	nəcʰˈoːɪkˌənˌə	audio	no	
नजिक	n ʌ dz i k	nˈʌɟɪk	agree	no	[nʌ(d)zik]
नजिकिन	n ʌ dz i k i n ʌ	nˈʌɟɪkˌɪnˌə	audio	no	
नडराइकन	n ʌ ɖ ʌ r a i k ʌ n ʌ	nˌəɖəɾˈaːɪkˌənˌə	audio	no	
नदिन	n ʌ d̪ i n ʌ	nˈʌdɪnˌə	audio	no	
नदी	n ʌ d̪ i	nˈʌdi	agree	yes	[nʌd̪i]
नन्द	n ʌ n d̪ ʌ	nˈʌndˌə	agree	yes	[nʌn̪d̪ʌ]
नपुगीकन	n ʌ p u g i k ʌ n ʌ	nˌəpuɡˈɪːkənˌə	audio	no	
नब्बे	n ʌ b b e	nˈʌbbeː	agree	yes	[nʌb̚be]
नभनीकन	n ʌ bʱ ʌ n i k ʌ n ʌ	nˌəbʰənˈɪːkənˌə	audio	no	
नभुल	n ʌ bʱ u l ʌ	nˈʌbʰulˌə	audio	no	
नमस्कार	n ʌ m ʌ s k a r	nˌəməskˈaːɾ	agree	no	[nʌmʌskär]
नमस्ते	n ʌ m ʌ s t̪ e	nəmˈʌsteː	agree	yes	[nʌmʌst̪e]
नमाज	n ʌ m a dz	nəmˈaːɟ	agree	yes	[nʌmä(d)z]
नमिलाइकन	n ʌ m i l a i k ʌ n ʌ	nˌəmɪlˈaːɪkˌənˌə	audio	no	
नयाँ	n ʌ j ã	nˈʌjã	agree	yes	[nʌjä̃]
नरक	n ʌ r ʌ k	nˈʌɾək	agree	no	[nʌɾʌk]
नराम्रो	n ʌ r a m r o	nəɾˈaːmɾoː	agree	yes	[nʌɾämro]
नर्क	n ʌ r k ʌ	nˈʌɾkˌə	agree	no	[nʌrkʌ]
नर्गिस	n ʌ r g i s ʌ	nˈʌɾɡɪsˌə	audio	no	
नर्सलाई	n ʌ r s l a i	nˌəɾslˈaːi	audio	no	
नर्सहरू	n ʌ r s ɦ ʌ r u	nˈʌɾshˌəɾuː	audio	no	
नवलपुरको	n ʌ w ʌ l p u r k o	nˈʌwəlpˌuɾkˌoː	audio	no	
नवलपुरमा	n ʌ w ʌ l p u r m a	nˈʌwəlpˌuɾmˌaː	audio	no	
नसोच्न	n ʌ s o ts n	nəsˈoːcn	audio	no	
नहिँड	n ʌ ɦ ĩ ɖ ʌ	nəhˈĩɖˌə	audio	no	
नहुन	n ʌ ɦ u n ʌ	nˈʌhunˌə	audio	no	
नाइटो	n a i ʈ o	nˈaːɪʈˌoː	agree	yes	[näi̯ʈo]
नाउँ	n a ũ	nˈaːũ	agree	yes	[näũ]
नाक	n a k	nˈaːk	agree	no	[näk]
नागरिक	n a g r i k	nˈaːɡɾˌɪk	audio	no	
नागरिकका	n a g r i k k a	nˈaːɡɾˌɪkkˌaː	audio	no	
नागरिकको	n a g r i k k o	nˈaːɡɾˌɪkkˌoː	audio	no	
नागरिकता	n a g r i k t̪ a	nˈaːɡɾˌɪktˌaː	owner	no	
नागरिकप्रति	n a g r i k ʌ p r ʌ t̪ i	nˌaːɡɾɪkˈʌpɾətˌɪ	audio	no	
नागरिकबीचको	n a g r i k ʌ b i ts k o	nˌaːɡɾˌɪkəbˈɪːckˌoː	audio	no	
नागरिकमाथि	n a g r i k ʌ m a t̪ʰ i	nˌaːɡɾˌɪkəmˈaːtʰɪ	audio	no	
नागरिकलाई	n a g r i k l a i	nˌaːɡɾˌɪklˈaːi	audio	no	
नागरिकले	n a g r i k l e	nˈaːɡɾˌɪklˌeː	audio	no	
नागरिकसम्बन्धी	n a g r i k ʌ s ʌ m b ʌ n d̪ʱ i	nˌaːɡɾˌɪkəsəmbˈʌndʰi	audio	no	
नागाल्यान्डमा	n a g a l j a n ɖ m a	nˌaːɡaːljˈaːnɖmˌaː	audio	no	
नाच	n a ts ʌ	nˈaːcˌə	audio	no	[nät͡s]
नाचगान	n a ts g a n	nˌaːcɡˈaːn	audio	no	
नाच्नु	n a ts n u	nˈaːcnˌu	agree	no	[nät͡snu]
नाति	n a t̪ i	nˈaːtɪ	agree	yes	[nät̪i]
नातिना	n a t̪ i n a	nˈaːtɪnˌaː	agree	yes	[nät̪inä]
नातिनी	n a t̪ i n i	nˈaːtɪnˌiː	agree	yes	[nät̪ini]
नाती	n a t̪ i	nˈaːti	agree	yes	[nät̪i]
नानी	n a n i	nˈaːni	agree	yes	[näni]
नाफा	n a pʰ a	nˈaːpʰaː	agree	yes	[näɸä]
नाम	n a m	nˈaːm	agree	no	[näm]
नारङ्गि	n a r ʌ ŋ g i	naːɾˈʌŋɡɪ	agree	yes	[näɾʌŋɡi]
नारायणहिटी	n a r a j ʌ n ɦ i ʈ i	naːɾˈaːjənhˌɪʈˌiː	owner	no	
नारायणहिटीदेखि	n a r a j ʌ n ɦ i ʈ i d̪ e kʰ i	nˌaːɾaːjˌənhˌɪʈɪːdˈeːkʰɪ	audio	no	
नारायणहिटीसम्मटुकुचाको	n a r a j ʌ n ɦ i ʈ i s ʌ m m ʌ ʈ u k u ts a k o	nˌaːɾaːjˌənhˌɪʈɪːsəmmˌəʈukucˈaːkoː	audio	no	
नारायणहिटीसम्मयो	n a r a j ʌ n ɦ i ʈ i s ʌ m m ʌ j o	nˌaːɾaːjˌənhˌɪʈɪːsˈʌmmˌəjoː	audio	no	
नि	n i	nˈɪ	agree	yes	[ni]
निकटता	n i k ʌ ʈ t̪ a	nˈɪkəʈtˌaː	audio	no	
निकाय	n i k a j	nɪkˈaːj	audio	no	
निकायका	n i k a j k a	nɪkˈaːjkˌaː	audio	no	
निकायबाट	n i k a j b a ʈ ʌ	nˌɪkaːjbˈaːʈˌə	audio	no	
निकायले	n i k a j l e	nɪkˈaːjlˌeː	audio	no	
निकायहरूले	n i k a j ɦ ʌ r u l e	nˌɪkaːjhˌəɾˈuːleː	audio	no	
निकाल्नु	n i k a l n u	nɪkˈaːlnˌu	agree	no	[nikälnu]
निको	n i k o	nˈɪkoː	agree	yes	[niko]
निचर्नु	n i ts ʌ r n u	nɪcˈʌɾnˌu	agree	no	[nit͡sʌrnu]
निचोर्नु	n i ts o r n u	nɪcˈoːɾnˌu	agree	no	[nit͡sornu]
निजीकरण	n i dz i k ʌ r ʌ n ʌ	nɪɟˈɪːkəɾˌənˌə	audio	no	
निद्रा	n i d̪ r a	nˈɪdɾaː	agree	yes	[nid̪rä]
निमकान्त	n i m k a n t̪ ʌ	nˌɪmkˈaːntˌə	audio	no	
निम्ति	n i m t̪ i	nˈɪmtɪ	agree	yes	[nimt̪i]
नियन्त्रणमा	n i j ʌ n t̪ r ʌ n ʌ m a	nɪjˈʌntɾənˌəmaː	audio	yes	
नियोजनकै	n i j o dz ʌ n k ʌi	nɪjˈoːɟənkˌai	audio	no	
निरन्तरता	n i r ʌ n t̪ ʌ r t̪ a	nɪɾˈʌntəɾtˌaː	audio	no	
निराशाजनक	n i r a s a dz ʌ n ʌ k ʌ	nˌɪɾaːsˈaːɟənˌəkˌə	audio	yes	
निर्णय	n i r n ʌ j	nˈɪɾnəj	owner	no	
निर्णयकै	n i r n ʌ j k ʌi	nˈɪɾnəjkˌai	audio	no	
निर्णयबाट	n i r n ʌ j b a ʈ ʌ	nˌɪɾnəjbˈaːʈˌə	audio	no	
निर्णयलाई	n i r n ʌ j l a i	nˌɪɾnəjlˈaːi	audio	no	
निर्देशकमात्र	n i r d̪ e s ʌ k m a t̪ r ʌ	nˌɪɾdeːsˌəkmˈaːtɾˌə	audio	no	
निर्माण	n i r m a n	nɪɾmˈaːn	agree	no	[nirmäɽ̃]
निर्यात	n i r j a t̪	nɪɾjˈaːt	agree	no	[niɾjät̪]
निर्यातयोग्य	n i r j a t̪ j o g j ʌ	nˌɪɾjaːtjˈoːɡjˌə	audio	no	
निलो	n i l o	nˈɪloː	agree	yes	[nilo]
निवेदन	n i w e d̪ ʌ n ʌ	nɪwˈeːdənˌə	audio	no	
निस्कन	n i s k ʌ n ʌ	nˈɪskənˌə	audio	no	
निस्कनु	n i s k ʌ n u	nˈɪskənˌu	agree	yes	[niskʌnu]
निस्किन	n i s k i n ʌ	nˈɪskɪnˌə	audio	no	
निस्किरहे	n i s k i r ɦ e	nˈɪskɪɾhˌeː	audio	no	
नील	n i l	nˈɪːl	agree	yes	[nil]
नुन	n u n	nˈun	owner	yes	[nunʌ]
नुनपानी	n u n p a n i	nˌunpˈaːni	audio	no	
नुनपानीमा	n u n p a n i m a	nˌunpaːnˈɪːmaː	audio	no	
नून	n u n	nˈuːn	agree	yes	[nun]
नेटवर्क	n e ʈ ʌ w ʌ r k	nˌeːʈəwˈʌɾk	audio	no	
नेटवर्कमा	n e ʈ ʌ w ʌ r k m a	nˌeːʈəwˈʌɾkmˌaː	audio	no	
नेपाल	n e p a l	neːpˈaːl	agree	yes	[nepäl]
नेपालका	n e p a l k a	neːpˈaːlkˌaː	agree	no	[nepälkä]
नेपालकै	n e p a l k ʌi	neːpˈaːlkˌai	audio	no	
नेपालको	n e p a l k o	neːpˈaːlkˌoː	agree	no	[nepälko]
नेपालबीचको	n e p a l b i ts k o	nˌeːpaːlbˈɪːckˌoː	audio	no	
नेपालमा	n e p a l m a	neːpˈaːlmˌaː	agree	no	[nepälmä]
नेपालमै	n e p a l m ʌi	neːpˈaːlmˌai	audio	no	
नेपाली	n e p a l i	neːpˈaːli	agree	yes	[nepäli]
नै	n ʌi	nˈai	agree	yes	[nʌi̯]
नैनु	n ʌi n u	nˈainˌu	agree	no	[nʌi̯nu]
नौ	n ʌu	nˈʌu	agree	yes	[nʌu̯]
न्यानो	n j a n o	njˈaːnoː	agree	yes	[njäno]
न्यायका	n j a j k a	njˈaːjkˌaː	audio	no	
न्यायलाई	n j a j l a i	njˌaːjlˈaːi	audio	no	
न्युजिल्यान्डको	n j u dz i l j a n ɖ k o	njˌuɟɪljˈaːnɖkˌoː	owner	no	
न्यून	n j u n ʌ	njˈuːnˌə	audio	no	
पंजा	p ʌ n dz a	pˈʌnɟaː	agree	yes	[pʌn̻d͡zä]
पकाउनु	p ʌ k a u n u	pəkˈaːʊnˌu	agree	yes	[pʌkäu̯nu]
पकौडा	p ʌ k ʌu ɖ a	pəkˈʌuɖaː	agree	yes	[pʌkʌu̯ɽä]
पक्का	p ʌ k k a	pˈʌkkˌaː	agree	yes	[pʌk̚kä]
पखाला	p ʌ kʰ a l a	pəkʰˈaːlaː	agree	yes	[pʌk̞ʰälä]
पचत्तर	p ʌ ts ʌ t̪ t̪ ʌ r	pəcˈʌttˌəɾ	agree	no	[pʌt͡sʌt̪̚t̪ʌr]
पचास	p ʌ ts a s	pəcˈaːs	agree	yes	[pʌt͡säs]
पचासी	p ʌ ts a s i	pəcˈaːsi	agree	yes	[pʌt͡säsi]
पछि	p ʌ tsʰ i	pˈʌcʰɪ	agree	yes	[pʌt͡sʰi]
पञ्चानब्बे	p ʌ n ts a n ʌ b b e	pˌəncaːnˈʌbbeː	agree	yes	[pʌn̻t͡sänʌb̚be]
पटकमात्रै	p ʌ ʈ ʌ k m a t̪ r ʌi	pˌəʈəkmˈaːtɾai	audio	no	
पटाउनु	p ʌ ʈ a u n u	pəʈˈaːʊnˌu	agree	yes	[pʌʈäu̯nu]
पठाइन	p ʌ ʈʰ a i n ʌ	pəʈʰˈaːɪnˌə	audio	no	
पढाइन	p ʌ ɖʱ a i n ʌ	pəɖʰˈaːɪnˌə	audio	no	
पढाइरहेकी	p ʌ ɖʱ a i r ɦ e k i	pˌəɖʰaːˌɪɾhˈeːki	audio	no	
पढिरहनु	p ʌ ɖʱ i r ʌ ɦ n u	pˈʌɖʰɪɾˌəhnˌu	audio	no	
पत्र	p ʌ t̪ r ʌ	pˈʌtɾˌə	agree	yes	[pʌt̪rʌ]
पत्रिका	p ʌ t̪ r i k a	pˈʌtɾɪkˌaː	agree	yes	[pʌt̪rikä]
पद	p ʌ d̪	pˈʌd	agree	yes	[pʌd̪]
पनाति	p ʌ n a t̪ i	pənˈaːtɪ	agree	yes	[pʌnät̪i]
पनातिनि	p ʌ n a t̪ i n i	pənˈaːtɪnˌɪ	agree	yes	[pʌnät̪ini]
पनि	p ʌ n i	pˈʌnɪ	agree	yes	[pʌni]
पन्चानब्बे	p ʌ n ts a n ʌ b b e	pˌəncaːnˈʌbbeː	agree	yes	[pʌn̻t͡sänʌb̚be]
पन्छी	p ʌ n tsʰ i	pˈʌncʰi	agree	yes	[pʌn̻t͡sʰi]
पन्जा	p ʌ n dz a	pˈʌnɟaː	agree	yes	[pʌn̻d͡zä]
पन्द्र	p ʌ n d̪ r ʌ	pˈʌndɾˌə	agree	yes	[pʌn̪d̪rʌ]
पन्ध्र	p ʌ n d̪ʱ r ʌ	pˈʌndʰɾˌə	owner	yes	[pʌn̪d̪rʌ]
पब्लिकेसन्स	p ʌ b l i k e s ʌ n s	pˌəblɪkeːsˈʌns	audio	no	
पर	p ʌ r ʌ	pˈʌɾˌə	agree	no	[pʌɾʌ]
परराष्ट्र	p ʌ r r a s ʈ r ʌ	pˌəɾɾˈaːsʈɾˌə	audio	no	
पराल	p ʌ r a l	pəɾˈaːl	agree	yes	[pʌɾäl]
परासी	p ʌ r a s i	pəɾˈaːsi	agree	yes	[pʌɾäsi]
परिचय	p ʌ r i ts ʌ j	pˈʌɾɪcˌəj	audio	no	[pʌɾit͡sʌe]
परिपुर्न	p ʌ r i p u r n ʌ	pˌəɾɪpˈuɾnˌə	agree	no	[pʌɾipurnʌ]
परिपूर्ण	p ʌ r i p u r n ʌ	pˌəɾɪpˈuːɾnˌə	agree	no	[pʌɾipurɽ̃ʌ]
परिबार	p ʌ r i b a r	pˌəɾɪbˈaːɾ	agree	no	[pʌɾibär]
परिरहेको	p ʌ r i r ɦ e k o	pˌəɾɪɾhˈeːkoː	audio	no	
परिवार	p ʌ r i w a r	pˌəɾɪwˈaːɾ	agree	no	[pʌɾiwär]
परिवारकै	p ʌ r i w a r k ʌi	pˌəɾɪwˈaːɾkˌai	audio	no	
परिसंघले	p ʌ r i s ʌ ŋ gʱ l e	pˌəɾɪsˈʌŋɡʰlˌeː	audio	no	
परे	p ʌ r e	pˈʌɾeː	agree	yes	[pʌɾe]
परेको	p ʌ r e k o	pəɾˈeːkoː	agree	yes	[pʌɾeko]
परेमा	p ʌ r e m a	pəɾˈeːmaː	agree	yes	[pʌɾemä]
परेली	p ʌ r e l i	pəɾˈeːli	agree	yes	[pʌɾeli]
परेवा	p ʌ r e w a	pˌəɾeːwˈaː	agree	yes	[pʌɾewä]
पर्खनु	p ʌ r kʰ ʌ n u	pˈʌɾkʰənˌu	agree	no	[pʌrkʰʌnu]
पर्दा	p ʌ r d̪ a	pˈʌɾdaː	agree	no	[pʌrd̪ä]
पर्नु	p ʌ r n u	pˈʌɾnˌu	agree	no	[pʌrnu]
पर्सबाट	p ʌ r s b a ʈ ʌ	pˌəɾsbˈaːʈˌə	audio	no	
पलङ	p ʌ l ʌ ŋ	pˈʌləŋ	agree	yes	[pʌlʌŋ]
पलहरू	p ʌ l ʌ ɦ ʌ r u	pˈʌləhˌəɾuː	audio	yes	
पल्टिनु	p ʌ l ʈ i n u	pˈʌlʈɪnˌu	agree	no	[pʌɭʈinu]
पश्चिम	p ʌ s ts i m	pˈʌscɪm	agree	no	[pʌst͡sim]
पसल	p ʌ s ʌ l	pˈʌsəl	agree	yes	[pʌsʌl]
पसलहरू	p ʌ s ʌ l ʌ ɦ ʌ r u	pˈʌsəlˌəhəɾˌuː	audio	yes	
पसलेको	p ʌ s ʌ l e k o	pˌəsəlˈeːkoː	audio	yes	
पसिना	p ʌ s i n a	pˈʌsɪnˌaː	agree	yes	[pʌsinä]
पस्नु	p ʌ s n u	pˈʌsnˌu	agree	no	[pʌsnu]
पहाडको	p ʌ ɦ a ɖ ʌ k o	pəhˈaːɖəkˌoː	audio	yes	
पहिचानबारे	p ʌ ɦ i ts a n b a r e	pˌəhɪcˌaːnbˈaːɾeː	audio	no	
पहुँचयोग्य	p ʌ ɦ ũ ts j o g j ʌ	pˌəhũcjˈoːɡjˌə	audio	no	
पहेँलो	p ʌ ɦ ẽ l o	pˌəhẽlˈoː	agree	yes	[pʌ(ɦ)ẽlo]
पहेंलो	p ʌ ɦ ẽ l o	pəhˈẽloː	agree	no	[pʌ(ɦ)ẽlo]
पाँच	p ã ts	pˈãc	agree	yes	[pä̃t͡s]
पाइनु	p a i n u	pˈaːɪnˌu	agree	yes	[päi̯nu]
पाइने	p a i n e	pˈaːɪnˌeː	agree	yes	[päi̯ne]
पाइन्टको	p a i n ʈ k o	paːˈɪnʈkˌoː	audio	no	
पाइन्टमा	p a i n ʈ m a	paːˈɪnʈmˌaː	audio	no	
पाइपलाइनमा	p a i p l a i n m a	pˌaːɪplˈaːɪnmˌaː	audio	no	
पाइरहेका	p a i r ɦ e k a	pˌaːɪɾhˈeːkaː	audio	no	
पाउ	p a u	pˈaːʊ	agree	yes	[päu̯]
पाउनु	p a u n u	pˈaːʊnˌu	agree	yes	[päu̯nu]
पाकिस्तान	p a k i s t̪ a n	pˌaːkɪstˈaːn	agree	yes	[päkist̪än]
पाक्नु	p a k n u	pˈaːknˌu	agree	no	[päknu]
पाखुरा	p a kʰ u r a	pˈaːkʰuɾˌaː	agree	yes	[päk̞ʰuɾä]
पाटन	p a ʈ ʌ n	pˈaːʈən	owner	yes	
पाटि	p a ʈ i	pˈaːʈɪ	agree	yes	[päʈi]
पाटो	p a ʈ o	pˈaːʈoː	agree	yes	[päʈo]
पाठ	p a ʈʰ	pˈaːʈʰ	agree	yes	[päʈʰ]
पात	p a t̪	pˈaːt	agree	yes	[pät̪]
पाद्नु	p a d̪ n u	pˈaːdnˌu	agree	no	[päd̪n̪u]
पानी	p a n i	pˈaːni	agree	yes	[päni]
पानु	p a n u	pˈaːnˌu	agree	no	[pänu]
पाप्रो	p a p r o	pˈaːpɾoː	agree	yes	[päpro]
पार्टनरशिपको	p a r ʈ ʌ n ʌ r s i p k o	pˈaːɾʈənˌəɾsˌɪpkˌoː	audio	no	
पार्वती	p a r w ʌ t̪ i	paːɾwətˈiː	owner	no	[pärbʌt̪i]
पाल	p a l	pˈaːl	agree	yes	[päl]
पालनपोषण	p a l ʌ n p o s ʌ n	pˌaːlənpˈoːsən	audio	no	
पालनपोषणलाई	p a l ʌ n p o s ʌ n l a i	pˌaːlənpˌoːsˌənlˈaːi	audio	no	
पालुङ्गो	p a l u ŋ g o	paːlˈuŋɡoː	agree	yes	[päluŋɡo]
पाल्नु	p a l n u	pˈaːlnˌu	agree	no	[pälnu]
पावरप्लान्ट	p a w ʌ r ʌ p l a n ʈ	pˌaːwəɾəplˈaːnʈ	audio	no	
पिउनु	p i u n u	pˈɪʊnˌu	agree	yes	[piu̯nu]
पिट्नु	p i ʈ n u	pˈɪʈnˌu	agree	no	[piʈɳu]
पिठो	p i ʈʰ o	pˈɪʈʰoː	agree	yes	[piʈʰo]
पिता	p i t̪ a	pˈɪtaː	agree	yes	[pit̪ä]
पिपीलिका	p i p i l i k a	pɪpˈɪːlɪkˌaː	agree	yes	[pipilikä]
पिरो	p i r o	pˈɪɾoː	agree	yes	[piɾo]
पुगिरहेका	p u g i r ɦ e k a	pˌuɡɪɾhˈeːkaː	audio	no	
पुग्नु	p u g n u	pˈuɡnˌu	agree	no	[puɡ̞nu]
पुछ्नु	p u tsʰ n u	pˈucʰnˌu	agree	no	[put͡sʰnu] / [pusnu]
पुती	p u t̪ i	pˈuti	agree	yes	[put̪i]
पुनः	p u n ʌ ɦ	pˈunəh	audio	yes	[punʌː]
पुनःसथापित	p u n ʌ ɦ s t̪ʰ a p i t̪	pˌunəhstʰˈaːpˌɪt	audio	no	
पुरानो	p u r a n o	puɾˈaːnoː	agree	yes	[puɾäno]
पुर्न	p u r n ʌ	pˈuɾnˌə	agree	no	[purnʌ]
पुर्याइरहेका	p u r j a i r ɦ e k a	pˌuɾjaːˌɪɾhˈeːkaː	audio	no	
पुष्टकारी	p u s ʈ ʌ k a r i	pusʈˌəkˈaːɾi	agree	yes	[pus̠t̠ʌkäɾi]
पुस	p u s	pˈus	agree	yes	[pus]
पुस्तक	p u s t̪ ʌ k	pˈustək	agree	no	[pust̪ʌk]
पुस्तकालय	p u s t̪ ʌ k a l ʌ j	pˌustəkˈaːləj	audio	no	[pust̪ʌkälʌe]
पुस्नु	p u s n u	pˈusnˌu	agree	no	[pusnu]
पूर्ण	p u r n ʌ	pˈuːɾnˌə	agree	no	[purɽ̃ʌ]
पूर्व	p u r w ʌ	pˈuːɾwˌə	owner	no	[purbʌ]
पूर्वराजदूत	p u r w ʌ r a dz d̪ u t̪	puːɾwəɾˈaːɟdˌuːt	audio	no	
पृष्ठ	p r i s ʈʰ ʌ	pɾˈɪsʈʰˌə	agree	yes	[pɾis̠t̠ʰʌ]
पेच	p e ts	pˈeːc	agree	yes	[pet͡s]
पेटी	p e ʈ i	pˈeːʈi	agree	yes	[peʈi]
पेस्ट	p e s ʈ	pˈeːsʈ	audio	no	
पैदलमार्ग	p ʌi d̪ ʌ l m a r g ʌ	pˌaidəlmˈaːɾɡˌə	audio	no	
पैसा	p ʌi s a	pˈaisaː	agree	yes	[pʌi̯sä]
पोइ	p o i	pˈoːɪ	agree	yes	[poi̯]
पोइन्ट	p o i n ʈ	poːˈɪnʈ	audio	no	
पोखरा	p o kʰ ʌ r a	pˈoːkʰəɾˌaː	agree	yes	[pok̞ʰʌɾä]
पोखरि	p o kʰ ʌ r i	pˈoːkʰəɾˌɪ	agree	yes	[pok̞ʰʌɾi]
पोथी	p o t̪ʰ i	pˈoːtʰi	agree	yes	[pot̪ʰi]
पोलिश	p o l i s	pˈoːlɪs	agree	yes	[polis]
पोल्नु	p o l n u	pˈoːlnˌu	agree	no	[polnu]
पोल्यान्ड	p o l j a n ɖ	poːljˈaːnɖ	audio	no	
पोल्यान्डमा	p o l j a n ɖ m a	poːljˈaːnɖmˌaː	audio	no	
पोसाक	p o s a k	poːsˈaːk	agree	no	[posäk]
पौडिनु	p ʌu ɖ i n u	pˈʌuɖɪnˌu	agree	no	[pʌu̯ɽinu]
पौने	p ʌu n e	pˈʌuneː	agree	yes	[pʌu̯ne]
पौष	p ʌu s	pˈʌus	agree	yes	[pʌu̯s]
प्याज	p j a dz	pjˈaːɟ	agree	yes	[pjä(d)z]
प्याजी	p j a dz i	pjˈaːɟi	agree	yes	[pjä(d)zi]
प्यारो	p j a r o	pjˈaːɾoː	agree	yes	[pjäɾo]
प्रकाश	p r ʌ k a s ʌ	pɾəkˈaːsˌə	audio	no	
प्रकाशराज	p r ʌ k a s r a dz	pɾˌəkaːsɾˈaːɟ	audio	no	
प्रकाशाणु	p r ʌ k a s a n u	pɾˌəkaːsˈaːnu	agree	yes	[prʌkäsäɽ̃u]
प्रकृति	p r ʌ k r i t̪ i	pɾəkɾˈɪtɪ	agree	yes	[prʌkɾit̪i]
प्रगाढता	p r ʌ g a ɖʱ t̪ a	pɾəɡˈaːɖʰtˌaː	audio	no	
प्रचंड	p r ʌ ts ʌ n ɖ ʌ	pɾˈʌcənɖˌə	agree	no	[prʌt͡sʌɳɖʌ]
प्रतिफल	p r ʌ t̪ i pʰ ʌ l ʌ	pɾˈʌtɪpʰˌəlˌə	audio	no	
प्रतिशत	p r ʌ t̪ i s ʌ t̪	pɾˈʌtɪsˌət	agree	yes	[prʌt̪isʌt̪]
प्रतिशतमात्रै	p r ʌ t̪ i s ʌ t̪ m a t̪ r ʌi	pɾˌətɪsˌətmˈaːtɾai	audio	no	
प्रदेशभित्र	p r ʌ d̪ e s bʱ i t̪ r ʌ	pɾˌədeːsbʰˈɪtɾˌə	audio	no	
प्रभावकारी	p r ʌ bʱ a w k a r i	pɾˌəbʰaːwkˈaːɾi	audio	no	
प्रमुख	p r ʌ m u kʰ	pɾˈʌmukʰ	agree	yes	[prʌmuk̞ʰ]
प्रयोग	p r ʌ j o g	pɾəjˈoːɡ	agree	yes	[prʌjoɡ̞]
प्रश्न	p r ʌ s n ʌ	pɾˈʌsnˌə	agree	yes	[prʌsnʌ]
प्रसान्त	p r ʌ s a n t̪	pɾəsˈaːnt	audio	no	
प्रहरी	p r ʌ ɦ ʌ r i	pɾˈʌhəɾˌiː	agree	yes	[prʌ̤ːri] / [prʌʔʌɾi]
प्राथमिक	p r a t̪ʰ m i k	pɾˈaːtʰmˌɪk	audio	no	
प्राथमिकता	p r a t̪ʰ m i k ʌ t̪ a	pɾˈaːtʰmˌɪkətˌaː	audio	no	
प्राथमिकतामा	p r a t̪ʰ m i k ʌ t̪ a m a	pɾˌaːtʰmˌɪkətˈaːmaː	audio	no	
प्राधिकरणबाटै	p r a d̪ʱ i k ʌ r ʌ n b a ʈ ʌi	pɾˌaːdʰɪkˌəɾənbˈaːʈai	audio	no	
प्राधिकरणभित्रैबाट	p r a d̪ʱ i k ʌ r ʌ n bʱ i t̪ r ʌi b a ʈ ʌ	pɾˌaːdʰɪkˌəɾənbʰˌɪtɾaibˈaːʈˌə	audio	no	
प्राप्तअनुसार	p r a p t̪ ʌ ʌ n u s a r ʌ	pɾˈaːptəˌənusˌaːɾˌə	audio	yes	
प्रिय	p r i j ʌ	pɾˈɪjˌə	owner	yes	
प्रेम	p r e m	pɾˈeːm	agree	no	[prem]
प्रेसटिज	p r e s ʈ i dz	pɾˈeːsʈˌɪɟ	audio	no	
प्रोजेक्टमा	p r o dz e k ʈ m a	pɾoːɟˈeːkʈmˌaː	audio	no	
प्लाटफर्म	p l a ʈ ʌ pʰ ʌ r m	plˌaːʈəpʰˈʌɾm	audio	no	
प्लाटफर्ममा	p l a ʈ ʌ pʰ ʌ r m m a	plˌaːʈəpʰˈʌɾmmˌaː	audio	no	
प्लान्ट	p l a n ʈ	plˈaːnʈ	audio	no	
प्लान्टको	p l a n ʈ k o	plˈaːnʈkˌoː	audio	no	
प्लान्टमा	p l a n ʈ m a	plˈaːnʈmˌaː	audio	no	
प्लान्टलाई	p l a n ʈ l a i	plˈaːnʈlˌaːi	audio	no	
प्लास्टिकमै	p l a s ʈ i k m ʌi	plˈaːsʈɪkmˌai	audio	no	
प्लेटफर्म	p l e ʈ ʌ pʰ ʌ r m	plˌeːʈəpʰˈʌɾm	audio	no	
प्लेटफर्ममा	p l e ʈ ʌ pʰ ʌ r m m a	plˌeːʈəpʰˈʌɾmmˌaː	audio	no	
फकाउनु	pʰ ʌ k a u n u	pʰəkˈaːʊnˌu	agree	yes	[pʰʌkäu̯nu]
फरक	pʰ ʌ r ʌ k	pʰˈʌɾək	agree	no	[pʰʌɾʌk]
फरवार्ड	pʰ ʌ r ʌ w a r ɖ	pʰˌəɾəwˈaːɾɖ	audio	no	
फर्कन	pʰ ʌ r k ʌ n ʌ	pʰˈʌɾkənˌə	audio	no	
फर्किइन	pʰ ʌ r k i i n ʌ	pʰˈʌɾkɪˌɪnˌə	audio	no	
फर्किन	pʰ ʌ r k i n ʌ	pʰˈʌɾkɪnˌə	audio	no	
फर्सा	pʰ ʌ r s a	pʰˈʌɾsaː	agree	no	[pʰʌrsä]
फर्सी	pʰ ʌ r s i	pʰˈʌɾsi	agree	no	[pʰʌrsi]
फल	pʰ ʌ l	pʰˈʌl	agree	yes	[pʰʌl] / [pʰʌlʌ]
फलफूल	pʰ ʌ l pʰ u l	pʰˌəlpʰˈuːl	audio	no	[pʰʌlpʰul]
फल्नु	pʰ ʌ l n u	pʰˈʌlnˌu	agree	no	[pʰʌlnu]
फाइलमाथि	pʰ a i l m a t̪ʰ i	pʰˌaːɪlmˈaːtʰɪ	audio	no	
फाक्दिङमै	pʰ a k d̪ i ŋ m ʌi	pʰˈaːkdɪŋmˌai	audio	no	
फागुन	pʰ a g u n	pʰˈaːɡun	owner	yes	[pʰäɡ̞unʌ]
फालाफाल	pʰ a l a pʰ a l ʌ	pʰˌaːlaːpʰˈaːlˌə	audio	no	
फालि	pʰ a l i	pʰˈaːlɪ	agree	yes	[pʰäli]
फाल्गुन	pʰ a l g u n	pʰˈaːlɡun	owner	yes	[pʰälɡunʌ]
फाल्नु	pʰ a l n u	pʰˈaːlnˌu	agree	no	[pʰälnu]
फास्टेस्ट	pʰ a s ʈ e s ʈ	pʰaːsʈˈeːsʈ	audio	no	
फिक्स	pʰ i k s	pʰˈɪks	audio	no	
फिक्स्ड	pʰ i k s ɖ	pʰˈɪksɖ	audio	no	
फिचर्समा	pʰ i ts ʌ r s m a	pʰɪcˈʌɾsmˌaː	audio	no	
फिजिक्स	pʰ i dz i k s	pʰɪɟˈɪks	audio	no	
फिटनेस	pʰ i ʈ n e s	pʰˌɪʈnˈeːs	audio	no	
फिटनेसमा	pʰ i ʈ n e s m a	pʰˌɪʈnˈeːsmˌaː	audio	no	
फिटनेसले	pʰ i ʈ n e s l e	pʰˌɪʈnˈeːslˌeː	audio	no	
फिल्ड	pʰ i l ɖ	pʰˈɪlɖ	audio	no	
फुक्नु	pʰ u k n u	pʰˈuknˌu	agree	no	[pʰuknu]
फुटपाथ	pʰ u ʈ p a t̪ʰ	pʰˌuʈpˈaːtʰ	audio	no	
फुटपाथका	pʰ u ʈ p a t̪ʰ k a	pʰˌuʈpˈaːtʰkˌaː	audio	no	
फुटफाथ	pʰ u ʈ pʰ a t̪ʰ	pʰˌuʈpʰˈaːtʰ	audio	no	
फुपाजु	pʰ u p a dz u	pʰupˈaːɟu	agree	yes	[pʰupä(d)zu]
फुपाज्यू	pʰ u p a dz j u	pʰupˈaːɟjuː	agree	yes	[pʰupä(d)zju]
फुपु	pʰ u p u	pʰˈupu	agree	yes	[pʰupu]
फुपू	pʰ u p u	pʰˈupuː	agree	yes	[pʰupu]
फुरुङ्ङ	pʰ u r u ŋ ŋ ʌ	pʰuɾˈuŋŋˌə	audio	yes	
फुल	pʰ u l	pʰˈul	agree	yes	[pʰul]
फुलचार्ज	pʰ u l ts a r dz ʌ	pʰˌulcˈaːɾɟˌə	audio	no	
फुल्पिङकोट	pʰ u l p i ŋ k o ʈ	pʰˌulpɪŋkˈoːʈ	audio	no	
फुसी	pʰ u s i	pʰˈusi	agree	yes	[pʰusi]
फुस्रो	pʰ u s r o	pʰˈusɾoː	agree	yes	[pʰusro]
फूल	pʰ u l	pʰˈuːl	agree	yes	[pʰul]
फेब्रुअरी	pʰ e b r u ʌ r i	pʰˈeːbɾuˌəɾi	agree	yes	[pʰebruʌɾi]
फेरि	pʰ e r i	pʰˈeːɾɪ	agree	yes	[pʰeɾi]
फेरिरहेको	pʰ e r i r ɦ e k o	pʰˌeːɾɪɾhˈeːkoː	audio	no	
फेर्नु	pʰ e r n u	pʰˈeːɾnˌu	agree	no	[pʰernu]
फेल्ट	pʰ e l ʈ	pʰˈeːlʈ	audio	no	
फेसबुक	pʰ e s b u k	pʰˈeːsbˌuk	audio	no	
फेसबुकमा	pʰ e s b u k m a	pʰˈeːsbˌukmˌaː	audio	no	
फेस्टिभलको	pʰ e s ʈ i bʱ ʌ l ʌ k o	pʰˈeːsʈɪbʰˌələkˌoː	audio	yes	
फैलिन	pʰ ʌi l i n ʌ	pʰˈailɪnˌə	audio	no	
फोनमै	pʰ o n m ʌi	pʰˈoːnmˌai	audio	no	
फोहोरमैला	pʰ o ɦ o r m ʌi l a	pʰˌoːhoːɾmˈailaː	audio	no	
फौज	pʰ ʌu dz	pʰˈʌuɟ	agree	yes	[pʰʌu̯(d)z]
फ्याँक्नु	pʰ j ã k n u	pʰjãknˈu	agree	no	[pʰjä̃knu]
फ्रान्सको	pʰ r a n s k o	pʰɾˈaːnskˌoː	owner	no	
फ्रेन्ड	pʰ r e n ɖ	pʰɾˈeːnɖ	audio	no	
फ्लाईज	pʰ l a i dz ʌ	pʰlaːˈɪːɟˌə	audio	no	
बंकरभित्र	b ʌ ŋ k ʌ r bʱ i t̪ r ʌ	bˌəŋkəɾbʰˈɪtɾˌə	audio	no	
बंगलादेश	b ʌ ŋ g l a d̪ e s	bˌəŋɡlaːdˈeːs	audio	no	
बंगलादेशका	b ʌ ŋ g l a d̪ e s k a	bˌəŋɡlaːdˈeːskˌaː	audio	no	
बंगलादेशको	b ʌ ŋ g l a d̪ e s k o	bˌəŋɡlaːdˈeːskˌoː	audio	no	
बंगलादेशबाट	b ʌ ŋ g l a d̪ e s b a ʈ ʌ	bˌəŋɡlˌaːdeːsbˈaːʈˌə	audio	no	
बंगलादेशबीचको	b ʌ ŋ g l a d̪ e s ʌ b i ts k o	bˌəŋɡlˌaːdeːsəbˈɪːckˌoː	audio	no	
बंगलादेशमा	b ʌ ŋ g l a d̪ e s m a	bˌəŋɡlaːdˈeːsmˌaː	audio	no	
बंगलादेशलाई	b ʌ ŋ g l a d̪ e s l a i	bˌəŋɡlˌaːdeːslˈaːi	audio	no	
बंगलादेशले	b ʌ ŋ g l a d̪ e s l e	bˌəŋɡlaːdˈeːslˌeː	audio	no	
बंगलादेशसँग	b ʌ ŋ g l a d̪ e s s ʌ̃ g ʌ	bˌəŋɡlˌaːdeːssˈʌ̃ɡˌə	audio	no	
बंगलादेशी	b ʌ ŋ g l a d̪ e s i	bˌəŋɡlaːdˈeːsi	audio	no	
बक्शिश	b ʌ k s i s	bˈʌksɪs	agree	yes	[bʌksis]
बखान्नु	b ʌ kʰ a n n u	bəkʰˈaːnnˌu	agree	no	[bʌk̞ʰänːu]
बगर	b ʌ g ʌ r	bˈʌɡəɾ	agree	no	[bʌɡ̞ʌr]
बगिरहे	b ʌ g i r ɦ e	bˈʌɡɪɾhˌeː	audio	no	
बग्नु	b ʌ g n u	bˈʌɡnˌu	agree	no	[bʌɡ̞nu]
बङ्गलादेश	b ʌ ŋ g ʌ l a d̪ e s	bˌəŋɡəlaːdˈeːs	agree	yes	[bʌŋɡʌläd̪es]
बजाउनु	b ʌ dz a u n u	bəɟˈaːʊnˌu	agree	yes	[bʌ(d)zäu̯nu]
बजार	b ʌ dz a r	bəɟˈaːɾ	agree	no	[bʌ(d)zär]
बजारकेन्द्रित	b ʌ dz a r k e n d̪ r i t̪	bˌəɟaːɾkˈeːndɾɪt	audio	no	
बजारटुकुचाको	b ʌ dz a r ʈ u k u ts a k o	bˌəɟaːɾʈˌukucˈaːkoː	audio	no	
बजे	b ʌ dz e	bˈʌɟeː	agree	yes	[bʌ(d)ze]
बजेटकै	b ʌ dz e ʈ k ʌi	bəɟˈeːʈkˌai	audio	no	
बजेटमार्फत	b ʌ dz e ʈ m a r pʰ ʌ t̪	bˌəɟeːʈmˈaːɾpʰət	audio	no	
बजेटमै	b ʌ dz e ʈ m ʌi	bəɟˈeːʈmˌai	audio	no	
बढिरहेका	b ʌ ɖʱ i r ɦ e k a	bˌəɖʰɪɾhˈeːkaː	audio	no	
बढिरहेको	b ʌ ɖʱ i r ɦ e k o	bˌəɖʰɪɾhˈeːkoː	audio	no	
बताउनु	b ʌ t̪ a u n u	bətˈaːʊnˌu	agree	yes	[bʌt̪äu̯nu]
बताउने	b ʌ t̪ a u n e	bətˈaːʊnˌeː	agree	yes	[bʌt̪äu̯ne]
बत्तीस	b ʌ t̪ t̪ i s	bəttˈɪːs	agree	yes	[bʌt̪̚t̪is]
बदनामी	b ʌ d̪ n a m i	bˌədnˈaːmi	audio	no	
बदमासी	b ʌ d̪ m a s i	bˌədmˈaːsi	audio	no	
बदर	b ʌ d̪ ʌ r	bˈʌdəɾ	agree	no	[bʌd̪ʌr]
बदलिन्छौ	b ʌ d̪ l i n tsʰ ʌu	bˌədlˈɪncʰʌu	audio	no	
बदलौँ	b ʌ d̪ l ʌũ	bˈʌdlˌʌũ	audio	no	
बदाम्	b ʌ d̪ a m	bədˈaːm	agree	yes	[bʌd̪äm] / [bʌd̪ʌm]
बन	b ʌ n	bˈʌn	agree	yes	[bʌn] / [bʌnʌ]
बना	b ʌ n a	bˈʌnaː	agree	yes	[bʌnä]
बनाइरहेको	b ʌ n a i r ɦ e k o	bˌənaːˌɪɾhˈeːkoː	audio	no	
बनाउनु	b ʌ n a u n u	bənˈaːʊnˌu	agree	yes	[bʌnäu̯nu]
बनाऔ	b ʌ n a ʌu	bənˈaːʌu	agree	yes	[bʌnäʌu̯]
बनाऔं	b ʌ n a ʌũ	bˌənaːˈʌũ	agree	no	[bʌnäʌũ̯]
बनिदिन	b ʌ n i d̪ i n ʌ	bˈʌnɪdˌɪnˌə	audio	yes	
बनिरहेका	b ʌ n i r ɦ e k a	bˌənɪɾhˈeːkaː	audio	no	
बनिरहेको	b ʌ n i r ɦ e k o	bˌənɪɾhˈeːkoː	audio	no	
बनेर	b ʌ n e r ʌ	bənˈeːɾˌə	agree	yes	[bʌneɾʌ]
बन्द	b ʌ n d̪ ʌ	bˈʌndˌə	agree	yes	[bʌn̪d̪ʌ]
बन्नु	b ʌ n n u	bˈʌnnˌu	agree	no	[bʌnːu]
बबल	b ʌ b ʌ l	bˈʌbəl	agree	yes	[bʌbʌl]
बबुल्	b ʌ b u l	bˈʌbul	agree	yes	[bʌbul]
बयानब्बे	b ʌ j a n ʌ b b e	bˌəjaːnˈʌbbeː	agree	yes	[bʌjänʌb̚be]
बयालीस	b ʌ j a l i s	bˌəjaːlˈɪːs	agree	yes	[bʌjälis]
बयासी	b ʌ j a s i	bəjˈaːsi	agree	yes	[bʌjäsi]
बर	b ʌ r	bˈʌɾ	agree	no	[bʌr]
बरफ	b ʌ r ʌ pʰ	bˈʌɾəpʰ	agree	yes	[bʌɾʌɸ]
बराल	b ʌ r a l ʌ	bəɾˈaːlˌə	audio	no	
बरि	b ʌ r i	bˈʌɾɪ	agree	yes	[bʌɾi]
बर्खा	b ʌ r kʰ a	bˈʌɾkʰaː	agree	no	[bʌrkʰä]
बर्ग	b ʌ r g ʌ	bˈʌɾɡˌə	agree	no	[bʌrɡʌ]
बर्ष	b ʌ r s ʌ	bˈʌɾsˌə	agree	no	[bʌrsʌ]
बल	b ʌ l ʌ	bˈʌlˌə	audio	no	
बलिदान	b ʌ l i d̪ a n ʌ	bˌəlɪdˈaːnˌə	audio	no	
बस	b ʌ s	bˈʌs	agree	yes	[bʌs] / [bʌsʌ]
बसन्त	b ʌ s ʌ n t̪ ʌ	bəsˈʌntˌə	agree	yes	[bʌsʌn̪t̪ʌ]
बसिरहेकी	b ʌ s i r ɦ e k i	bˌəsɪɾhˈeːki	audio	no	
बसोबास	b ʌ s o b a s	bˌəsoːbˈaːs	owner	yes	
बस्	b ʌ s	bˈʌs	agree	yes	[bʌs]
बस्ती	b ʌ s t̪ i	bˈʌsti	agree	yes	[bʌst̪i]
बस्तु	b ʌ s t̪ u	bˈʌstu	agree	yes	[bʌst̪u]
बस्नु	b ʌ s n u	bˈʌsnˌu	agree	no	[bʌsnu]
बहुदल	b ʌ ɦ u d̪ ʌ l ʌ	bˈʌhudˌəlˌə	audio	no	
बहुलता	b ʌ ɦ u l t̪ a	bˈʌhultˌaː	audio	no	
बा	b a	bˈaː	agree	yes	[bä]
बाँकी	b ã k i	bãkˈiː	agree	yes	[bä̃ki]
बाँके	b ã k e	bãkˈeː	agree	yes	[bä̃ke]
बाँच्नु	b ã ts n u	bãcnˈu	agree	no	[bä̃t͡snu]
बाँडफाँट	b ã ɖ pʰ ã ʈ	bãɖpʰˈãʈ	audio	no	
बाँडफाँटमा	b ã ɖ pʰ ã ʈ m a	bãɖpʰˈãʈmˈaː	audio	no	
बाँड्नु	b ã ɖ n u	bãɖnˈu	agree	no	[bä̃ɽɳu]
बाँसुरि	b ã s u r i	bãsˈuɾɪ	agree	yes	[bä̃suɾi]
बाईस	b a i s	baːˈɪːs	agree	yes	[bäi̯s]
बाउ	b a u	bˈaːʊ	agree	yes	[bäu̯]
बाउन्न	b a u n n ʌ	baːˈʊnnˌə	agree	yes	[bäu̯nːʌ]
बाकस	b a k ʌ s	bˈaːkəs	agree	yes	[bäkʌs]
बाख्रा	b a kʰ r a	bˈaːkʰɾaː	agree	yes	[bäk̞ʰrä]
बाघरूपी	b a gʱ r u p i	bˌaːɡʰɾˈuːpi	audio	no	
बाजपेयीसँग	b a dz p e j i s ʌ̃ g ʌ	bˌaːɟpˌeːjɪːsˈʌ̃ɡˌə	audio	no	
बाटो	b a ʈ o	bˈaːʈoː	agree	yes	[bäʈo]
बाथ	b a t̪ʰ	bˈaːtʰ	agree	yes	[bät̪ʰ]
बाथरूम	b a t̪ʰ r u m	bˌaːtʰɾˈuːm	audio	no	
बादल	b a d̪ ʌ l	bˈaːdəl	agree	yes	[bäd̪ʌl]
बाध्य	b a d̪ʱ j	bˈaːdʰj	audio	no	
बान्नु	b a n n u	bˈaːnnˌu	agree	no	[bänːu]
बाफ	b a pʰ	bˈaːpʰ	agree	yes	[bäɸ]
बाबजुद	b a b dz u d̪	bˈaːbɟˌud	audio	no	
बाबा	b a b a	bˈaːbaː	agree	yes	[bäbä]
बाबु	b a b u	bˈaːbu	agree	yes	[bäbu]
बारेमा	b a r e m a	baːɾˈeːmaː	agree	yes	[bäɾemä]
बालकलेझैं	b a l ʌ k l e dzʱ ʌĩ	bˌaːləklˌeːɟʰˈaĩ	audio	no	
बालकृष्ण	b a l k r i s n ʌ	bˌaːlkɾˈɪsnˌə	audio	no	
बालकोनीमा	b a l k o n i m a	bˌaːlkoːnˈɪːmaː	audio	no	
बालबालिककालाई	b a l b a l i k k a l a i	bˌaːlbˌaːlɪkkˌaːlˈaːi	audio	no	
बालबालिका	b a l b a l i k a	bˌaːlbˈaːlɪkˌaː	audio	no	
बालबालिकाको	b a l b a l i k a k o	bˌaːlbˌaːlɪkˈaːkoː	audio	no	
बालबालिकालाई	b a l b a l i k a l a i	bˌaːlbˌaːlɪkaːlˈaːi	audio	no	
बालबालिकाले	b a l b a l i k a l e	bˌaːlbˌaːlɪkˈaːleː	audio	no	
बालबालिकाहरुका	b a l b a l i k a ɦ ʌ r u k a	bˌaːlbˌaːlɪkˈaːhəɾˌukaː	audio	no	
बालबालिकाहरुको	b a l b a l i k a ɦ ʌ r u k o	bˌaːlbˌaːlɪkˈaːhəɾˌukoː	audio	no	
बालबालिकाहरुमा	b a l b a l i k a ɦ ʌ r u m a	bˌaːlbˌaːlɪkˈaːhəɾˌumaː	audio	no	
बालबालिकाहरुले	b a l b a l i k a ɦ ʌ r u l e	bˌaːlbˌaːlɪkˈaːhəɾˌuleː	audio	no	
बालमन्दिर	b a l ʌ m ʌ n d̪ i r ʌ	bˌaːləmˈʌndɪɾˌə	audio	yes	
बालविवाह	b a l w i w a ɦ ʌ	bˌaːlwˈɪwˈaːhˌə	audio	no	
बालविवाहलाई	b a l w i w a ɦ ʌ l a i	bˌaːlwˈɪwˈaːhəlˌaːi	audio	no	
बालिरहेका	b a l i r ɦ e k a	bˌaːlɪɾhˈeːkaː	audio	no	
बालुवा	b a l u w a	bˌaːluwˈaː	agree	yes	[bäluwä]
बाहुनवादको	b a ɦ u n w a d̪ k o	bˌaːhunwˈaːdkˌoː	audio	no	
बाह्र	b a ɦ r ʌ	bˈaːhɾˌə	owner	yes	[bäɾʌ]
बिकास	b i k a s	bɪkˈaːs	agree	yes	[bikäs]
बिचरा	b i ts ʌ r a	bˈɪcəɾˌaː	agree	yes	[bit͡sʌɾä]
बिजुली	b i dz u l i	bˈɪɟulˌiː	agree	yes	[bi(d)zuli]
बिजोग	b i dz o g	bɪɟˈoːɡ	owner	yes	
बिज्ञान	b i g j a n	bɪɡjˈaːn	agree	no	[biɡ̞jän]
बिदा	b i d̪ a	bˈɪdaː	agree	yes	[bid̪ä]
बिन्ति	b i n t̪ i	bˈɪntɪ	agree	yes	[bin̪t̪i]
बिपना	b i p ʌ n a	bˈɪpənˌaː	agree	yes	[bipʌnä]
बिफर्	b i pʰ ʌ r	bˈɪpʰəɾ	agree	yes	[biɸʌr]
बिमाख्	b i m a kʰ	bɪmˈaːkʰ	agree	yes	[bimäk̞ʰ]
बियर	b i j ʌ r	bˈɪjəɾ	agree	no	[bier] / [bijʌɾ]
बिया	b i j a	bˈɪjaː	agree	yes	[bijä]
बिरामी	b i r a m i	bɪɾˈaːmi	agree	yes	[biɾämi]
बिरालो	b i r a l o	bɪɾˈaːloː	agree	yes	[biɾälo]
बिरुवा	b i r u w a	bˌɪɾuwˈaː	agree	yes	[biɾuwä]
बिर्सन	b i r s ʌ n ʌ	bˈɪɾsənˌə	audio	no	
बिर्सनु	b i r s ʌ n u	bˈɪɾsənˌu	agree	no	[birsʌnu]
बिर्सिन	b i r s i n ʌ	bˈɪɾsɪnˌə	audio	no	
बिल्डर्सका	b i l ɖ ʌ r s k a	bɪlɖˈʌɾskˌaː	audio	no	
बिसौनी	b i s ʌu n i	bɪsˈʌuni	agree	yes	[bisʌu̯ni]
बिस्तारै	b i s t̪ a r ʌi	bɪstˈaːɾai	agree	yes	[bist̪äɾʌi̯]
बिस्तारो	b i s t̪ a r o	bɪstˈaːɾoː	agree	yes	[bist̪äɾo]
बिहा	b i ɦ a	bˈɪhaː	agree	yes	[bi(ɦ)ä] / [biʔä]
बिहान	b i ɦ a n ʌ	bɪhˈaːnˌə	audio	no	[bi(ɦ)ä.nʌ]
बिहानीपख	b i ɦ a n i p ʌ kʰ ʌ	bˌɪhaːnˈɪːpəkʰˌə	audio	no	
बिहीबार	b i ɦ i b a r ʌ	bˌɪhɪːbˈaːɾˌə	audio	yes	[bii̯bär]
बीउ	b i u	bˈɪːʊ	agree	yes	[biu̯]
बीर	b i r	bˈɪːɾ	owner	no	[biɾʌ]
बीस	b i s	bˈɪːs	agree	yes	[bis]
बुक्स	b u k s	bˈuks	owner	no	
बुझिरहेको	b u dzʱ i r ɦ e k o	bˌuɟʰɪɾhˈeːkoː	audio	no	
बुटवल	b u ʈ ʌ w ʌ l	bˈuʈəwˌəl	agree	yes	[buʈʌwʌl] / [buʈol]
बुटि	b u ʈ i	bˈuʈɪ	agree	yes	[buʈi]
बुद्ध	b u d̪ d̪ʱ ʌ	bˈuddʰˌə	agree	yes	[bud̪̚d̪ʱʌ̤] / [bud̪̚d̪ʌ]
बुद्धिचाल	b u d̪ d̪ʱ i ts a l	bˌuddʰɪcˈaːl	agree	yes	[bud̪̚d̪ʱi̤t͡säl]
बुधबार	b u d̪ʱ ʌ b a r	bˌudʰəbˈaːɾ	owner	no	[bud̪ʌbär]
बुन्नु	b u n n u	bˈunnˌu	agree	no	[bunːu]
बुबा	b u b a	bˈubaː	agree	yes	[bubä]
बुरो	b u r o	bˈuɾoː	agree	yes	[buɾo]
बुवा	b u w a	buwˈaː	agree	yes	[buwä] / [buä]
बेइजिङ	b e i dz i ŋ	bˈeːɪɟˌɪŋ	agree	yes	[bei̯(d)ziŋ]
बेचिरहेका	b e ts i r ɦ e k a	bˌeːcɪɾhˈeːkaː	audio	no	
बेपरवाह	b e p ʌ r w a ɦ ʌ	bˌeːpəɾwˈaːhˌə	audio	no	
बेरोजगारी	b e r o dz g a r i	bˌeːɾoːɟɡˈaːɾi	audio	no	
बेर्	b e r	bˈeːɾ	agree	yes	[ber]
बेलुका	b e l u k a	bˈeːlukˌaː	agree	yes	[belukä]
बेसाउनु	b e s a u n u	beːsˈaːʊnˌu	agree	yes	[besäu̯nu]
बैंक	b ʌi ŋ k	bˈaiŋk	agree	no	[bʌi̯ŋk] / [bæŋk] / [beŋk]
बैंकमार्फत	b ʌi ŋ k m a r pʰ ʌ t̪	bˌaiŋkmˈaːɾpʰət	audio	no	
बैगुन	b ʌi g u n	bˈaiɡun	owner	yes	[bʌi̯ɡ̞unʌ]
बैनि	b ʌi n i	bˈainɪ	agree	yes	[bʌi̯ni]
बैसट्ठी	b ʌi s ʌ ʈ ʈʰ i	baisˈʌʈʈʰˌiː	agree	yes	[bʌi̯sʌʈ̚ʈʰi]
बोका	b o k a	bˈoːkaː	agree	yes	[bokä]
बोको	b o k o	bˈoːkoː	agree	yes	[boko]
बोट	b o ʈ	bˈoːʈ	agree	yes	[boʈ]
बोटबिरूवा	b o ʈ b i r u w a	bˌoːʈbˌɪɾuːwˈaː	audio	no	
बोरिङको	b o r i ŋ ʌ k o	bˈoːɾɪŋˌəkoː	audio	yes	
बोल्ट	b o l ʈ	bˈoːlʈ	audio	no	
बोल्टको	b o l ʈ k o	bˈoːlʈkˌoː	audio	no	
बोल्टले	b o l ʈ l e	bˈoːlʈlˌeː	audio	no	
बोल्दिन	b o l d̪ i n ʌ	bˈoːldɪnˌə	audio	yes	
बोल्नु	b o l n u	bˈoːlnˌu	agree	no	[bolnu]
ब्याजबाटै	b j a dz b a ʈ ʌi	bjˌaːɟbˈaːʈai	audio	no	
ब्यान्ड	b j a n ɖ	bjˈaːnɖ	audio	no	
ब्यालेन्स	b j a l e n s	bjaːlˈeːns	audio	no	
ब्राजिल	b r a dz i l	bɾˈaːɟɪl	agree	yes	[brä(d)zil]
ब्राण्ड	b r a n ɖ	bɾˈaːnɖ	audio	no	
ब्रान्ड	b r a n ɖ	bɾˈaːnɖ	audio	no	
ब्रान्डका	b r a n ɖ k a	bɾˈaːnɖkˌaː	audio	no	
ब्रान्डको	b r a n ɖ k o	bɾˈaːnɖkˌoː	audio	no	
ब्रान्डमा	b r a n ɖ m a	bɾˈaːnɖmˌaː	audio	no	
ब्रिफकेस	b r i pʰ k e s	bɾˌɪpʰkˈeːs	audio	no	
ब्रिफिङ	b r i pʰ i ŋ ʌ	bɾˈɪpʰɪŋˌə	audio	no	
ब्रोडब्याण्डको	b r o ɖ ʌ b j a n ɖ k o	bɾˌoːɖəbjˈaːnɖkˌoː	audio	no	
ब्रोडब्याण्डमा	b r o ɖ ʌ b j a n ɖ m a	bɾˌoːɖəbjˈaːnɖmˌaː	audio	no	
ब्लेड	b l e ɖ ʌ	blˈeːɖˌə	audio	no	
ब्वाँसो	b w ã s o	bwˈãsˈoː	agree	yes	[bwä̃so]
भइरहेका	bʱ ʌ i r ɦ e k a	bʰˌəɪɾhˈeːkaː	audio	no	
भइरहेको	bʱ ʌ i r ɦ e k o	bʰˌəɪɾhˈeːkoː	owner	no	
भए	bʱ ʌ e	bʰˈʌeː	agree	yes	[bʱʌ̤e]
भएका	bʱ ʌ e k a	bʰəˈeːkaː	agree	yes	[bʱʌ̤ekä] / [bʱʌːkä]
भएको	bʱ ʌ e k o	bʰəˈeːkoː	agree	yes	[bʱʌ̤eko] / [bʱʌːko]
भएमा	bʱ ʌ e m a	bʰəˈeːmaː	agree	yes	[bʱʌ̤emä]
भएर	bʱ ʌ e r ʌ	bʰəˈeːɾˌə	agree	yes	[bʱʌ̤eɾʌ] / [bʱʌːɾʌ]
भक्तपुर	bʱ ʌ k t̪ ʌ p u r	bʰˈʌktəpˌuɾ	owner	no	[bʱʌ̤k̚t̪ʌpuɾʌ]
भगतसिंह	bʱ ʌ g ʌ t̪ s ĩ ɦ ʌ	bʰˌəɡətsˈĩhˌə	audio	no	
भगवान	bʱ ʌ g w a n	bʰˌəɡwˈaːn	audio	no	
भगवानको	bʱ ʌ g w a n k o	bʰˌəɡwˈaːnkˌoː	audio	no	
भगवानसँग	bʱ ʌ g w a n s ʌ̃ g ʌ	bʰˌəɡwˈaːnsˌʌ̃ɡˌə	audio	no	
भगवानै	bʱ ʌ g w a n ʌi	bʰˌəɡwˈaːnai	audio	no	
भटमास	bʱ ʌ ʈ m a s	bʰˌəʈmˈaːs	audio	no	
भटमासको	bʱ ʌ ʈ m a s k o	bʰˌəʈmˈaːskˌoː	audio	no	
भट्ट	bʱ ʌ ʈ ʈ ʌ	bʰˈʌʈʈˌə	owner	yes	
भतिज	bʱ ʌ t̪ i dz	bʰˈʌtɪɟ	agree	yes	[bʱʌ̤t̪i(d)z]
भतिजा	bʱ ʌ t̪ i dz a	bʰˈʌtɪɟˌaː	agree	yes	[bʱʌ̤t̪i(d)zä]
भतिजी	bʱ ʌ t̪ i dz i	bʰˈʌtɪɟˌiː	agree	yes	[bʱʌ̤t̪i(d)zi]
भतिजो	bʱ ʌ t̪ i dz o	bʰˈʌtɪɟˌoː	agree	yes	[bʱʌ̤t̪i(d)zo]
भतीजा	bʱ ʌ t̪ i dz a	bʰətˈɪːɟaː	agree	yes	[bʱʌ̤t̪i(d)zä]
भतीजी	bʱ ʌ t̪ i dz i	bʰətˈɪːɟi	agree	yes	[bʱʌ̤t̪i(d)zi]
भदौ	bʱ ʌ d̪ ʌu	bʰˈʌdʌu	agree	yes	[bʱʌ̤d̪ʌu̯]
भनिन	bʱ ʌ n i n ʌ	bʰˈʌnɪnˌə	audio	no	
भनिनु	bʱ ʌ n i n u	bʰˈʌnɪnˌu	agree	no	[bʱʌ̤ninu]
भनिन्छ	bʱ ʌ n i n tsʰ ʌ	bʰənˈɪncʰˌə	agree	yes	[bʱʌ̤nin̻t͡sʰʌ]
भनिरहे	bʱ ʌ n i r ɦ e	bʰˈʌnɪɾhˌeː	audio	no	
भनिरहेका	bʱ ʌ n i r ɦ e k a	bʰˌənɪɾhˈeːkaː	audio	no	
भनिरहेकी	bʱ ʌ n i r ɦ e k i	bʰˌənɪɾhˈeːki	audio	no	
भनिरहेको	bʱ ʌ n i r ɦ e k o	bʰˌənɪɾhˈeːkoː	audio	no	
भने	bʱ ʌ n e	bʰˈʌneː	agree	yes	[bʱʌ̤ne]
भनेको	bʱ ʌ n e k o	bʰənˈeːkoː	agree	yes	[bʱʌ̤neko]
भनेर	bʱ ʌ n e r ʌ	bʰənˈeːɾˌə	agree	yes	[bʱʌ̤neɾʌ]
भन्दा	bʱ ʌ n d̪ a	bʰˈʌndaː	agree	yes	[bʱʌ̤n̪d̪ä]
भन्नु	bʱ ʌ n n u	bʰˈʌnnˌu	agree	no	[bʱʌ̤nːu]
भन्ने	bʱ ʌ n n e	bʰˈʌnnˌeː	agree	yes	[bʱʌ̤nːe]
भर	bʱ ʌ r	bʰˈʌɾ	audio	no	
भरमा	bʱ ʌ r m a	bʰˈʌɾmˌaː	audio	no	
भरिन	bʱ ʌ r i n ʌ	bʰˈʌɾɪnˌə	audio	no	
भल्भ	bʱ ʌ l bʱ	bʰˈʌlbʰ	audio	no	
भवनका	bʱ ʌ w ʌ n ʌ k a	bʰˈʌwənˌəkaː	audio	yes	
भवनभित्रै	bʱ ʌ w ʌ n bʱ i t̪ r ʌi	bʰˌəwənbʰˈɪtɾai	audio	no	
भवनमुनि	bʱ ʌ w ʌ n m u n i	bʰˈʌwənmˌunˌɪ	audio	no	
भवमा	bʱ ʌ w ʌ m a	bʰˈʌwəmˌaː	audio	yes	
भाँच्नु	bʱ ã ts n u	bʰãcnˈu	agree	no	[bʱä̤̃t͡snu]
भाइ	bʱ a i	bʰˈaːɪ	agree	yes	[bʱä̤i̯]
भाउजु	bʱ a u dz u	bʰˈaːʊɟˌu	agree	yes	[bʱä̤u̯(d)zu]
भाउजू	bʱ a u dz u	bʰˈaːʊɟˌuː	agree	yes	[bʱä̤u̯(d)zu]
भाउज्यू	bʱ a u dz j u	bʰaːˈʊɟjuː	agree	yes	[bʱä̤u̯(d)zju]
भाग्य	bʱ a g j	bʰˈaːɡj	audio	no	
भाग्यले	bʱ a g j l e	bʰˈaːɡjlˌeː	audio	no	
भाडा	bʱ a ɖ a	bʰˈaːɖaː	agree	yes	[bʱä̤ɽä]
भात	bʱ a t̪	bʰˈaːt	agree	yes	[bʱä̤t̪]
भाद्र	bʱ a d̪ r ʌ	bʰˈaːdɾˌə	agree	yes	[bʱä̤d̪rʌ]
भानिज	bʱ a n i dz	bʰˈaːnɪɟ	agree	yes	[bʱä̤ni(d)z]
भान्जा	bʱ a n dz a	bʰˈaːnɟaː	agree	yes	[bʱä̤n̻d͡zä]
भान्जी	bʱ a n dz i	bʰˈaːnɟi	agree	yes	[bʱä̤n̻d͡zi]
भान्जो	bʱ a n dz o	bʰˈaːnɟoː	agree	yes	[bʱä̤n̻d͡zo]
भारत	bʱ a r ʌ t̪	bʰˈaːɾət	agree	yes	[bʱä̤ɾʌt̪]
भारतबाहेक	bʱ a r ʌ t̪ b a ɦ e k	bʰˌaːɾətbˌaːhˈeːk	audio	no	
भारतमाथि	bʱ a r ʌ t̪ m a t̪ʰ i	bʰˌaːɾətmˈaːtʰɪ	audio	no	
भारतमाथिको	bʱ a r ʌ t̪ m a t̪ʰ i k o	bʰˌaːɾətmˈaːtʰɪkˌoː	audio	no	
भारतविरुद्ध	bʱ a r ʌ t̪ w i r u d̪ d̪ʱ ʌ	bʰˌaːɾətwˌɪɾˈuddʰˌə	audio	no	
भारतविरुद्धको	bʱ a r ʌ t̪ w i r u d̪ d̪ʱ ʌ k o	bʰˌaːɾətwˈɪɾuddʰˌəkoː	audio	no	
भालू	bʱ a l u	bʰˈaːluː	agree	yes	[bʱä̤lu]
भाषा	bʱ a s a	bʰˈaːsaː	agree	yes	[bʱä̤sä]
भाष्यहरू	bʱ a s j ɦ ʌ r u	bʰˈaːsjhˌəɾuː	audio	no	
भिजेको	bʱ i dz e k o	bʰɪɟˈeːkoː	agree	yes	[bʱi̤(d)zeko]
भिटामिन	bʱ i ʈ a m i n	bʰɪʈˈaːmɪn	agree	yes	[bʱi̤ʈämin]
भिडियो	bʱ i ɖ i j o	bʰˈɪɖɪjˌoː	agree	yes	[bʱi̤ɽijo]
भित्र	bʱ i t̪ r ʌ	bʰˈɪtɾˌə	agree	yes	[bʱi̤t̪rʌ]
भित्रिरहेका	bʱ i t̪ r i r ɦ e k a	bʰˌɪtɾɪɾhˈeːkaː	audio	no	
भिना	bʱ i n a	bʰˈɪnaː	agree	yes	[bʱi̤nä]
भिनाजु	bʱ i n a dz u	bʰɪnˈaːɟu	agree	yes	[bʱi̤nä(d)zu]
भिनाज्यू	bʱ i n a dz j u	bʰɪnˈaːɟjuː	agree	yes	[bʱi̤nä(d)zju]
भिमसेन	bʱ i m s e n ʌ	bʰˌɪmsˈeːnˌə	audio	no	
भिसा	bʱ i s a	bʰˈɪsaː	agree	yes	[bʱi̤sä]
भीडभाड	bʱ i ɖ bʱ a ɖ	bʰˌɪːɖbʰˈaːɖ	audio	no	
भीडभाडबिना	bʱ i ɖ bʱ a ɖ ʌ b i n a	bʰˌɪːɖbʰˈaːɖəbˌɪnaː	audio	no	
भीर	bʱ i r	bʰˈɪːɾ	owner	no	[bʱi̤ɾʌ]
भुटान	bʱ u ʈ a n	bʰuʈˈaːn	agree	yes	[bʱṳʈän]
भुटानका	bʱ u ʈ a n ʌ k a	bʰuʈˈaːnəkˌaː	audio	yes	
भुटानमाथि	bʱ u ʈ a n m a t̪ʰ i	bʰˌuʈaːnmˈaːtʰɪ	audio	no	
भुत्रो	bʱ u t̪ r o	bʰˈutɾoː	agree	yes	[bʱṳt̪ro]
भुल्नु	bʱ u l n u	bʰˈulnˌu	agree	no	[bʱṳlnu]
भूकम्प	bʱ u k ʌ m p ʌ	bʰuːkˈʌmpˌə	agree	yes	[bʱṳkʌmpʌ]
भूगोल	bʱ u g o l	bʰuːɡˈoːl	agree	yes	[bʱṳɡ̞ol]
भूराजनीतिक	bʱ u r a dz n i t̪ i k	bʰˌuːɾaːɟnˈɪːtɪk	audio	no	
भृकुटीमण्डपटुकुचाको	bʱ r i k u ʈ i m ʌ n ɖ ʌ p ʈ u k u ts a k o	bʰɾˈɪkuʈˌɪːmənɖˌəpʈˌukucˌaːkoː	audio	no	
भेटघाट	bʱ e ʈ gʱ a ʈ	bʰˌeːʈɡʰˈaːʈ	audio	no	
भेटमै	bʱ e ʈ m ʌi	bʰˈeːʈmˌai	audio	no	
भेटरान	bʱ e ʈ ʌ r a n ʌ	bʰˌeːʈəɾˈaːnˌə	audio	no	
भेटवार्ता	bʱ e ʈ w a r t̪ a	bʰˌeːʈwˈaːɾtaː	audio	no	
भेट्नु	bʱ e ʈ n u	bʰˈeːʈnˌu	agree	no	[bʱe̤ʈɳu]
भेना	bʱ e n a	bʰˈeːnaː	agree	yes	[bʱe̤nä]
भेनिस	bʱ e n i s ʌ	bʰˈeːnɪsˌə	audio	no	
भैरहवा	bʱ ʌi r ʌ ɦ w a	bʰˌaiɾəhwˈaː	audio	no	
भैरहवाको	bʱ ʌi r ʌ ɦ w a k o	bʰˌaiɾəhwˈaːkoː	audio	no	
भोक	bʱ o k	bʰˈoːk	agree	no	[bʱo̤k]
भोलि	bʱ o l i	bʰˈoːlɪ	agree	yes	[bʱo̤li]
भोल्ट	bʱ o l ʈ	bʰˈoːlʈ	audio	no	
भौंतारिएर	bʱ ʌu n t̪ a r i e r	bʰˈʌuntaːɾˌɪeːɾ	audio	no	
भौतारिरहेकी	bʱ ʌu t̪ a r i r ɦ e k i	bʰˌʌutaːɾˌɪɾhˈeːki	audio	no	
म	m ʌ	mˈə	agree	yes	[mʌ]
मंगलबार	m ʌ ŋ g ʌ l b a r	mˌəŋɡəlbˈaːɾ	audio	no	
मःम	m ʌ ɦ m ʌ	mˈʌhmˌə	audio	yes	[mʌ.mʌ]
मकै	m ʌ k ʌi	mˈʌkai	agree	yes	[mʌkʌi̯]
मङ्गल	m ʌ ŋ g ʌ l	mˈʌŋɡəl	agree	yes	[mʌŋɡʌl]
मङ्सिर	m ʌ ŋ s i r	mˈʌŋsɪɾ	owner	no	[mʌŋsiɾʌ]
मजदुर	m ʌ dz d̪ u r	mˈʌɟdˌuɾ	audio	no	
मजदुरको	m ʌ dz d̪ u r k o	mˈʌɟdˌuɾkˌoː	audio	no	
मजदुरी	m ʌ dz d̪ u r i	mˈʌɟdˌuɾi	audio	no	
मजबुत	m ʌ dz b u t̪	mˈʌɟbˌut	audio	no	
मजिठो	m ʌ dz i ʈʰ o	mˈʌɟɪʈʰˌoː	agree	yes	[mʌ(d)ziʈʰo]
मजेन्टा	m ʌ dz e n ʈ a	məɟˈeːnʈaː	agree	yes	[mʌ(d)zeɳʈä]
मज्जा	m ʌ dz dz a	mˈʌɟɟˌaː	agree	yes	[mʌ(d)zd͡zä]
मडरेट	m ʌ ɖ r e ʈ	mˌəɖɾˈeːʈ	audio	no	
मतलबै	m ʌ t̪ ʌ l b ʌi	mˈʌtəlbˌai	audio	no	
मतिर	m ʌ t̪ i r ʌ	mˈʌtɪɾˌə	audio	yes	
मदत्	m ʌ d̪ ʌ t̪	mˈʌdət	agree	yes	[mʌd̪ʌt̪]
मधेसबीचमा	m ʌ d̪ʱ e s b i ts m a	mˌədʰeːsbˈɪːcmˌaː	audio	no	
मधेसमै	m ʌ d̪ʱ e s m ʌi	mədʰˈeːsmˌai	audio	no	
मन	m ʌ n	mˈʌn	agree	yes	[mʌn]
मनभित्र	m ʌ n bʱ i t̪ r ʌ	mˌənbʰˈɪtɾˌə	audio	no	
मनमै	m ʌ n m ʌi	mˈʌnmˌai	audio	no	
मनमौजी	m ʌ n m ʌu dz i	mˌənmˈʌuɟi	audio	no	
मनसुन	m ʌ n s u n	mˈʌnsˌun	audio	no	
मनसुनी	m ʌ n s u n i	mˈʌnsˌuni	audio	no	
मन्जित	m ʌ n dz i t̪ ʌ	mˈʌnɟɪtˌə	audio	no	
मन्त्र	m ʌ n t̪ r ʌ	mˈʌntɾˌə	agree	yes	[mʌn̪t̪rʌ]
मन्त्रालय	m ʌ n t̪ r a l ʌ j	məntɾˈaːləj	audio	no	
मन्त्रालयका	m ʌ n t̪ r a l ʌ j k a	məntɾˈaːləjkˌaː	audio	no	
मन्त्रालयकी	m ʌ n t̪ r a l ʌ j k i	məntɾˈaːləjkˌi	audio	no	
मन्त्रालयको	m ʌ n t̪ r a l ʌ j k o	məntɾˈaːləjkˌoː	audio	no	
मन्त्रालयले	m ʌ n t̪ r a l ʌ j l e	məntɾˈaːləjlˌeː	audio	no	
मन्त्रिणी	m ʌ n t̪ r i n i	mˈʌntɾɪnˌiː	agree	yes	[mʌn̪t̪riɽ̃i]
मन्त्रिनी	m ʌ n t̪ r i n i	mˈʌntɾɪnˌiː	agree	yes	[mʌn̪t̪rini]
मन्त्री	m ʌ n t̪ r i	mˈʌntɾi	agree	yes	[mʌn̪t̪ri]
मबाट	m ʌ b a ʈ ʌ	məbˈaːʈˌə	audio	no	
ममा	m ʌ m a	mˈʌmaː	agree	yes	[mʌmä]
ममि	m ʌ m i	mˈʌmɪ	agree	yes	[mʌmi]
ममो	m ʌ m o	mˈʌmoː	agree	yes	[mʌmo]
मयूख्	m ʌ j u kʰ	məjˈuːkʰ	agree	yes	[mʌjuk̞ʰ]
मयूर	m ʌ j u r	məjˈuːɾ	owner	no	[mʌjuɾʌ]
मरमरम्मत	m ʌ r ʌ m ʌ r ʌ m m ʌ t̪	mˌəɾəməɾˈʌmmˌət	agree	yes	[mʌɾʌmʌɾʌmːʌt̪]
मरमर्मत	m ʌ r ʌ m ʌ r m ʌ t̪	mˌəɾəmˈʌɾmət	agree	no	[mʌɾʌmʌrmʌt̪]
मरम्मत	m ʌ r ʌ m m ʌ t̪	məɾˈʌmmˌət	agree	yes	[mʌɾʌmːʌt̪]
मराठी	m ʌ r a ʈʰ i	məɾˈaːʈʰi	agree	yes	[mʌɾäʈʰi]
मर्	m ʌ r	mˈʌɾ	agree	yes	[mʌr]
मर्कि	m ʌ r k i	mˈʌɾkɪ	agree	no	[mʌrki]
मर्नु	m ʌ r n u	mˈʌɾnˌu	agree	no	[mʌrnu]
मर्मत	m ʌ r m ʌ t̪	mˈʌɾmət	agree	no	[mʌrmʌt̪]
मलाई	m ʌ l a i	məlˈaːi	agree	yes	[mʌläi̯]
मसँग	m ʌ s ʌ̃ g ʌ	məsˈʌ̃ɡˌə	audio	no	
मसँगको	m ʌ s ʌ̃ g ʌ k o	mˌəsʌ̃ɡˈʌkoː	audio	yes	
महँगो	m ʌ ɦ ʌ̃ g o	mˌəhʌ̃ɡˈoː	agree	yes	[mʌɦʌ̃ɡ̞o]
महर्जनका	m ʌ ɦ ʌ r dz ʌ n ʌ k a	məhˈʌɾɟənˌəkaː	audio	no	
महसुल	m ʌ ɦ ʌ s u l ʌ	mˈʌhəsˌulˌə	audio	no	
महानगरपालिका	m ʌ ɦ a n ʌ g ʌ r p a l i k a	mˌəhaːnˌəɡəɾpˈaːlɪkˌaː	audio	no	
महानगरपालिकाको	m ʌ ɦ a n ʌ g ʌ r p a l i k a k o	mˌəhaːnˌəɡəɾpˌaːlɪkˈaːkoː	audio	no	
महाभारततूल्य	m ʌ ɦ a bʱ a r ʌ t̪ t̪ u l j ʌ	mˌəhaːbʰˌaːɾəttˈuːljˌə	audio	no	
महाराजगञ्जबाट	m ʌ ɦ a r a dz ʌ g ʌ n dz b a ʈ ʌ	mˌəhaːɾˌaːɟəɡˌənɟbˈaːʈˌə	audio	no	
महाराजगञ्जमा	m ʌ ɦ a r a dz ʌ g ʌ n dz m a	mˌəhaːɾˌaːɟəɡˈʌnɟmˌaː	audio	no	
महाराजगन्जलाई	m ʌ ɦ a r a dz ʌ g ʌ n dz l a i	mˌəhaːɾˌaːɟəɡˌənɟlˈaːi	audio	no	
महासंघ	m ʌ ɦ a s ʌ ŋ gʱ	məhˈaːsəŋɡʰ	audio	yes	
महासंघमा	m ʌ ɦ a s ʌ ŋ gʱ m a	mˌəhaːsˈʌŋɡʰmˌaː	audio	no	
महासंघले	m ʌ ɦ a s ʌ ŋ gʱ l e	mˌəhaːsˈʌŋɡʰlˌeː	audio	no	
महोदय	m ʌ ɦ o d̪ ʌ j	məhˈoːdəj	audio	no	
मा	m a	mˈaː	agree	yes	[mä]
माइग्रेसन	m a i g r e s ʌ n ʌ	mˌaːɪɡɾˈeːsənˌə	audio	no	
माइजु	m a i dz u	mˈaːɪɟˌu	agree	yes	[mäi̯(d)zu]
माइजू	m a i dz u	mˈaːɪɟˌuː	agree	yes	[mäi̯(d)zu]
माइज्यू	m a i dz j u	maːˈɪɟjuː	agree	yes	[mäi̯(d)zju]
माओवादी	m a o w a d̪ i	mˌaːoːwˈaːdi	owner	yes	[mäobäd̪i]
माकुरा	m a k u r a	mˈaːkuɾˌaː	agree	yes	[mäkuɾä]
माकुरो	m a k u r o	mˈaːkuɾˌoː	agree	yes	[mäkuɾo]
माखो	m a kʰ o	mˈaːkʰoː	agree	yes	[mäk̞ʰo]
माग्नु	m a g n u	mˈaːɡnˌu	agree	no	[mäɡ̞nu]
माचिक्नी	m a ts i k n i	maːcˈɪkni	agree	yes	[mät͡sikni]
माछा	m a tsʰ a	mˈaːcʰaː	agree	yes	[mät͡sʰä]
माता	m a t̪ a	mˈaːtaː	agree	yes	[mät̪ä]
माधवकुमार	m a d̪ʱ ʌ w k u m a r	mˌaːdʰəwkˌumˈaːɾ	audio	no	
माध्यम	m a d̪ʱ j ʌ m ʌ	mˈaːdʰjəmˌə	audio	yes	
मानबारे	m a n b a r e	mˌaːnbˈaːɾeː	audio	no	
मानव	m a n ʌ w	mˈaːnəw	owner	no	[mänʌb]
मानसिकता	m a n s i k ʌ t̪ a	mˈaːnsˌɪkətˌaː	audio	no	
मानिस	m a n i s	mˈaːnɪs	agree	yes	[mänis]
मानिसहरू	m a n i s ɦ ʌ r u	mˈaːnɪshˌəɾˌuː	agree	no	[mänisɦʌɾu]
मानिसहरूलाई	m a n i s ʌ ɦ ʌ r u l a i	mˌaːnɪsˌəhəɾuːlˈaːi	audio	yes	
माने	m a n e	mˈaːneː	agree	yes	[mäne]
मान्छे	m a n tsʰ e	mˈaːncʰeː	agree	yes	[män̻t͡sʰe]
मान्नु	m a n n u	mˈaːnnˌu	agree	no	[mänːu]
माफ	m a pʰ	mˈaːpʰ	agree	yes	[mäɸ]
मामा	m a m a	mˈaːmaː	agree	yes	[mämä]
मार्	m a r	mˈaːɾ	agree	yes	[mär]
मार्ग	m a r g ʌ	mˈaːɾɡˌə	agree	no	[märɡʌ]
मार्गसम्म	m a r g s ʌ m m ʌ	mˌaːɾɡsˈʌmmˌə	audio	no	
मार्च	m a r ts	mˈaːɾc	owner	no	[märt͡sʌ]
मार्नु	m a r n u	mˈaːɾnˌu	agree	no	[märnu]
मालपोत	m a l p o t̪	mˌaːlpˈoːt	audio	no	
माला	m a l a	mˈaːlaː	agree	yes	[mälä]
माल्दिभ्स	m a l d̪ i bʱ s	maːldˈɪbʰs	audio	no	
माल्दिभ्समा	m a l d̪ i bʱ s m a	mˈaːldɪbʰsmˌaː	audio	no	
मासु	m a s u	mˈaːsu	agree	yes	[mäsu]
मास्टर्स	m a s ʈ ʌ r s	maːsʈˈʌɾs	audio	no	
मास्नु	m a s n u	mˈaːsnˌu	agree	no	[mäsnu]
मिटरभित्र	m i ʈ ʌ r bʱ i t̪ r ʌ	mˌɪʈəɾbʰˈɪtɾˌə	audio	no	
मिटरस्मार्ट	m i ʈ ʌ r ʌ s m a r ʈ	mˌɪʈəɾəsmˈaːɾʈ	audio	no	
मिठो	m i ʈʰ o	mˈɪʈʰoː	agree	yes	[miʈʰo]
मिडफिल्डर	m i ɖ pʰ i l ɖ ʌ r	mˌɪɖpʰˈɪlɖəɾ	audio	no	
मिति	m i t̪ i	mˈɪtɪ	agree	yes	[mit̪i]
मितेरि	m i t̪ e r i	mɪtˈeːɾɪ	agree	yes	[mit̪eɾi]
मित्र	m i t̪ r ʌ	mˈɪtɾˌə	agree	yes	[mit̪rʌ]
मित्रता	m i t̪ r ʌ t̪ a	mˈɪtɾətˌaː	agree	yes	[mit̪rʌt̪ä]
मिनेट	m i n e ʈ	mɪnˈeːʈ	agree	yes	[mineʈ]
मिलाउँदै	m i l a ũ d̪ ʌi	mˌɪlaːũdˈai	agree	yes	[miläũd̪ʌi̯]
मिलाएर	m i l a e r	mˌɪlaːˈeːɾ	audio	no	
मिलेर	m i l e r ʌ	mɪlˈeːɾˌə	agree	yes	[mileɾʌ]
मिल्नु	m i l n u	mˈɪlnˌu	agree	no	[milnu]
मुक्ति	m u k t̪ i	mˈuktɪ	agree	yes	[muk̚t̪i]
मुख	m u kʰ	mˈukʰ	agree	yes	[muk̞ʰ]
मुख्यतः	m u kʰ j ʌ t̪ ʌ ɦ	mˈukʰjətˌəh	audio	yes	
मुख्यालयले	m u kʰ j a l ʌ j l e	mukʰjˈaːləjlˌeː	audio	no	
मुङ्रो	m u ŋ r o	mˈuŋɾoː	agree	yes	[muŋro]
मुजफ्फरपुर	m u dz ʌ pʰ pʰ ʌ r p u r	muɟˈʌpʰpʰəɾpˌuɾ	audio	no	
मुजी	m u dz i	mˈuɟi	agree	yes	[mu(d)zi]
मुटु	m u ʈ u	mˈuʈu	agree	yes	[muʈu]
मुत्नु	m u t̪ n u	mˈutnˌu	agree	no	[mut̪n̪u]
मुद्रा	m u d̪ r a	mˈudɾaː	agree	yes	[mud̪rä]
मुमताज	m u m t̪ a dz	mˌumtˈaːɟ	audio	no	
मुलरुपमा	m u l r u p m a	mˈulɾˌupmˌaː	audio	no	
मुलुक	m u l u k	mˈuluk	agree	no	[muluk]
मुसो	m u s o	mˈusoː	agree	yes	[muso]
मूल	m u l	mˈuːl	agree	yes	[mul]
मूलबाटोमा	m u l b a ʈ o m a	mˌuːlbaːʈˈoːmaː	audio	no	
मूलरूपमा	m u l r u p m a	mˌuːlɾˈuːpmˌaː	audio	no	
मे	m e	mˈeː	agree	yes	[me]
मेगाहर्जसम्मको	m e g a ɦ ʌ r dz s ʌ m m ʌ k o	mˌeːɡaːhˌəɾɟsˈʌmmˌəkoː	audio	no	
मेच	m e ts	mˈeːc	agree	yes	[met͡s]
मेज	m e dz	mˈeːɟ	agree	yes	[me(d)z]
मेटाउनु	m e ʈ a u n u	meːʈˈaːʊnˌu	agree	yes	[meʈäu̯nu]
मेटी	m e ʈ i	mˈeːʈi	agree	yes	[meʈi]
मेट्नु	m e ʈ n u	mˈeːʈnˌu	agree	no	[meʈɳu]
मेनेजमेन्ट	m e n e dz m e n ʈ ʌ	mˌeːneːɟmˈeːnʈˌə	audio	no	
मेरो	m e r o	mˈeːɾoː	agree	yes	[meɾo]
मैदान	m ʌi d̪ a n	maidˈaːn	agree	yes	[mʌi̯d̪än]
मैले	m ʌi l e	mˈaileː	agree	yes	[mʌi̯le]
मैलो	m ʌi l o	mˈailoː	agree	yes	[mʌi̯lo]
मोजा	m o dz a	mˈoːɟaː	agree	yes	[mo(d)zä]
मोटरसाइकल	m o ʈ ʌ r s a i k ʌ l	mˌoːʈəɾsˈaːɪkˌəl	audio	no	[moʈʌrsäi̯kʌl]
मोटरसाइकलको	m o ʈ ʌ r s a i k ʌ l k o	mˌoːʈəɾsˈaːɪkˌəlkˌoː	audio	no	
मोटरसाइकलमा	m o ʈ ʌ r s a i k ʌ l m a	mˌoːʈəɾsˈaːɪkˌəlmˌaː	audio	no	
मोटर्सले	m o ʈ ʌ r s l e	moːʈˈʌɾslˌeː	audio	no	
मोटो	m o ʈ o	mˈoːʈoː	agree	yes	[moʈo]
मोटोरार्डले	m o ʈ o r a r ɖ l e	mˌoːʈoːɾˈaːɾɖlˌeː	audio	no	
मोड्नु	m o ɖ n u	mˈoːɖnˌu	agree	no	[moɽɳu]
मोबाइलबाटै	m o b a i l b a ʈ ʌi	mˌoːbaːˌɪlbˈaːʈai	audio	no	
मोबाइल्स	m o b a i l s	mˌoːbaːˈɪls	audio	no	
मोमो	m o m o	mˈoːmoː	agree	yes	[momo]
मोर्	m o r	mˈoːɾ	agree	yes	[mor]
मोर्नु	m o r n u	mˈoːɾnˌu	agree	no	[mornu]
मोहन	m o ɦ ʌ n ʌ	mˈoːhənˌə	audio	no	
मौन	m ʌu n ʌ	mˈʌunˌə	audio	no	
मौरी	m ʌu r i	mˈʌuɾi	agree	yes	[mʌu̯ɾi]
मौसम	m ʌu s ʌ m	mˈʌusəm	agree	no	[mʌu̯sʌm]
मौसमविद्	m ʌu s ʌ m w i d̪	mˌʌusəmwˈɪd	audio	no	
म्याथयो	m j a t̪ʰ j o	mjˈaːtʰjˌoː	audio	no	
म्यादभित्र	m j a d̪ bʱ i t̪ r ʌ	mjˌaːdbʰˈɪtɾˌə	audio	no	
म्यानपावर	m j a n p a w ʌ r	mjˌaːnpˈaːwəɾ	audio	no	
म्यानेजमेन्ट	m j a n e dz m e n ʈ ʌ	mjˌaːneːɟmˈeːnʈˌə	audio	no	
म्यानेजमेन्टबाट	m j a n e dz m e n ʈ ʌ b a ʈ ʌ	mjˌaːneːɟmˈeːnʈəbˌaːʈˌə	audio	no	
म्वाइँ	m w a ĩ	mwˈaːĩ	agree	yes	[mwäĩ]
यसकारण	j ʌ s k a r ʌ n	jˌəskˈaːɾən	audio	no	
यसपालि	j ʌ s p a l i	jˌəspˈaːlɪ	audio	no	
यसबारे	j ʌ s b a r e	jˌəsbˈaːɾeː	audio	no	
यसबाहेक	j ʌ s b a ɦ e k	jˌəsbaːhˈeːk	audio	no	
यसबीचमा	j ʌ s b i ts m a	jˌəsbˈɪːcmˌaː	audio	no	
या	j a	jˈaː	agree	yes	[jä]
याङबेन	j a ŋ ʌ b e n	jˌaːŋəbˈeːn	audio	yes	
याङबेनको	j a ŋ ʌ b e n k o	jˌaːŋəbˈeːnkˌoː	audio	no	
यातायात	j a t̪ a j a t̪	jˌaːtaːjˈaːt	agree	yes	[jät̪äjät̪]
यादगार	j a d̪ g a r	jˌaːdɡˈaːɾ	audio	no	
यानाति	j a n a t̪ i	jaːnˈaːtɪ	agree	yes	[jänät̪i]
यी	j i	jˈiː	agree	yes	/ji/ / [i]
युक्रेनबाट	j u k r e n b a ʈ ʌ	jˌukɾeːnbˈaːʈˌə	audio	no	
युक्रेनमा	j u k r e n m a	jukɾˈeːnmˌaː	audio	no	
युबक	j u b ʌ k	jˈubək	agree	no	[jubʌk]
युवक	j u w ʌ k	jˈuwək	agree	no	[juwʌk]
युवराज	j u w r a dz	jˌuwɾˈaːɟ	audio	no	
युसेन	j u s e n	jusˈeːn	audio	yes	
यूरोप	j u r o p	juːɾˈoːp	agree	yes	[juɾop]
यो	j o	jˈoː	agree	yes	[jo]
योगदान	j o g d̪ a n	jˌoːɡdˈaːn	owner	no	[joɡ̞d̪än]
योगदानको	j o g d̪ a n k o	jˌoːɡdˈaːnkˌoː	owner	no	[joɡ̞ʌd̪änko]
योगदानपछि	j o g d̪ a n ʌ p ʌ tsʰ i	jˌoːɡdˈaːnəpˌəcʰɪ	audio	no	
योगदानबाट	j o g d̪ a n b a ʈ ʌ	jˌoːɡdˌaːnbˈaːʈˌə	audio	no	
योगदानबापत	j o g d̪ a n ʌ b a p ʌ t̪	jˌoːɡdˌaːnəbˈaːpət	audio	no	
योगदानमा	j o g d̪ a n m a	jˌoːɡdˈaːnmˌaː	audio	no	
योगदानहरू	j o g d̪ a n ɦ ʌ r u	jˌoːɡdˈaːnhˌəɾuː	owner	no	[joɡ̞ʌd̪änɦʌɾu]
र	r ʌ	ɾˈə	agree	yes	[rʌ]
रंगको	r ʌ ŋ g k o	ɾˈʌŋɡkˌoː	audio	no	
रंगरोगन	r ʌ ŋ g r o g ʌ n	ɾˌəŋɡɾˈoːɡən	audio	no	
रंडी	r ʌ n ɖ i	ɾˈʌnɖi	agree	yes	[rʌɳɖi]
रक्त	r ʌ k t̪ ʌ	ɾˈʌktˌə	agree	yes	[rʌk̚t̪ʌ]
रक्सी	r ʌ k s i	ɾˈʌksi	agree	yes	[rʌksi] / [ˈrɒksi]
रगत	r ʌ g ʌ t̪	ɾˈʌɡət	agree	yes	[rʌɡ̞ʌt̪]
रङ्ग	r ʌ ŋ g ʌ	ɾˈʌŋɡˌə	agree	yes	[rʌŋ] / [rʌŋɡʌ]
रङ्गीचङ्गी	r ʌ ŋ g i ts ʌ ŋ g i	ɾˌəŋɡɪːcˈʌŋɡi	agree	yes	[rʌŋɡit͡sʌŋɡi]
रचना	r ʌ ts ʌ n a	ɾˈʌcənˌaː	agree	yes	[rʌt͡sʌnä]
रचनात्मकता	r ʌ ts n a t̪ m ʌ k ʌ t̪ a	ɾˌəcnˈaːtməkˌətaː	audio	no	
रच्नु	r ʌ ts n u	ɾˈʌcnˌu	agree	no	[rʌt͡snu]
रड	r ʌ ɖ ʌ	ɾˈʌɖˌə	audio	no	
रणबीर	r ʌ n b i r	ɾˌənbˈɪːɾ	audio	no	
रणवीर	r ʌ n w i r	ɾˌənwˈɪːɾ	audio	no	
रण्डी	r ʌ n ɖ i	ɾˈʌnɖi	agree	yes	[rʌɳɖi]
रत्न	r ʌ t̪ n ʌ	ɾˈʌtnˌə	agree	yes	[rʌt̪n̪ʌ]
रन्डी	r ʌ n ɖ i	ɾˈʌnɖi	agree	yes	[rʌɳɖi]
रमाइलो	r ʌ m a i l o	ɾəmˈaːɪlˌoː	agree	yes	[rʌmäi̯lo]
रमाईलो	r ʌ m a i l o	ɾˌəmaːˈɪːloː	agree	yes	[rʌmäi̯lo]
रवीन्द्रसिंह	r ʌ w i n d̪ r ʌ s ĩ ɦ	ɾəwˈɪːndɾəsˌĩh	audio	no	
रस	r ʌ s	ɾˈʌs	agree	yes	[rʌs]
रसिद	r ʌ s i d̪	ɾˈʌsɪd	agree	yes	[rʌsid̪]
रसिया	r ʌ s i j a	ɾˈʌsɪjˌaː	agree	yes	[rʌsijä]
रसी	r ʌ s i	ɾˈʌsi	agree	yes	[rʌsi]
रहन	r ʌ ɦ ʌ n ʌ	ɾˈʌhənˌə	owner	no	
रहनेछ	r ʌ ɦ n e tsʰ ʌ	ɾˌəhnˈeːcʰˌə	audio	no	
रहेका	r ʌ ɦ e k a	ɾəhˈeːkaː	agree	yes	[rʌ(ɦ)ekä]
रहेको	r ʌ ɦ e k o	ɾəhˈeːkoː	agree	yes	[rʌ(ɦ)eko]
राँबो	r ã b o	ɾãbˈoː	agree	yes	[rä̃bo]
राउत्	r a u t̪	ɾˈaːʊt	agree	yes	[räu̯t̪]
राकस	r a k ʌ s	ɾˈaːkəs	agree	yes	[räkʌs]
राख	r a kʰ ʌ	ɾˈaːkʰˌə	audio	no	
राखेप	r a kʰ e p ʌ	ɾaːkʰˈeːpˌə	audio	no	
राखेपबाट	r a kʰ e p ʌ b a ʈ ʌ	ɾˌaːkʰeːpəbˈaːʈˌə	audio	no	
राख्नु	r a kʰ n u	ɾˈaːkʰnˌu	agree	no	[räk̞ʰnu]
राजकुमार	r a dz k u m a r	ɾˌaːɟkumˈaːɾ	audio	no	
राजकुमारसहित	r a dz k u m a r ʌ s ʌ ɦ i t̪	ɾˌaːɟkumˈaːɾəsˌəhɪt	audio	no	
राजदरबार	r a dz ʌ d̪ ʌ r b a r	ɾˌaːɟədˌəɾbˈaːɾ	audio	no	
राजदूत	r a dz d̪ u t̪	ɾˌaːɟdˈuːt	audio	no	
राजदूतका	r a dz d̪ u t̪ k a	ɾˌaːɟdˈuːtkˌaː	audio	no	
राजधानी	r a dz d̪ʱ a n i	ɾˌaːɟdʰˈaːni	owner	no	
राजनीति	r a dz n i t̪ i	ɾˌaːɟnˈɪːtɪ	owner	no	
राजनीतिक	r a dz n i t̪ i k	ɾˌaːɟnˈɪːtɪk	owner	no	
राजनीतिकरूपमा	r a dz n i t̪ i k ʌ r u p m a	ɾˌaːɟnˌɪːtɪkəɾˈuːpmˌaː	audio	no	
राजनीतिका	r a dz n i t̪ i k a	ɾˌaːɟnˈɪːtɪkˌaː	audio	no	
राजनीतिज्ञ	r a dz n i t̪ i g j ʌ	ɾˌaːɟnɪːtˈɪɡjˌə	audio	no	
राजनीतिमा	r a dz n i t̪ i m a	ɾˌaːɟnˈɪːtɪmˌaː	audio	no	
राजनीतिलाई	r a dz n i t̪ i l a i	ɾˌaːɟnˌɪːtɪlˈaːi	audio	no	
राजनीतिले	r a dz n i t̪ i l e	ɾˌaːɟnˈɪːtɪlˌeː	audio	no	
राजनीतीकरण	r a dz n i t̪ i k ʌ r ʌ n	ɾˌaːɟnɪːtˈɪːkəɾˌən	audio	no	
राजपाल	r a dz p a l	ɾˌaːɟpˈaːl	audio	no	
राजमार्ग	r a dz m a r g ʌ	ɾˌaːɟmˈaːɾɡˌə	owner	no	[rä(d)zmärɡ]
राजविराज	r a dz b i r a dz	ɾˌaːɟbˈɪɾaːɟ	owner	no	
राजा	r a dz a	ɾˈaːɟaː	agree	yes	[rä(d)zä]
राज्यले	r a dz j l e	ɾˈaːɟjlˌeː	audio	no	
राणाकालमै	r a n a k a l m ʌi	ɾˌaːnaːkˈaːlmˌai	audio	no	
रात	r a t̪	ɾˈaːt	agree	yes	[rät̪]
राति	r a t̪ i	ɾˈaːtɪ	agree	yes	[rät̪i]
रातो	r a t̪ o	ɾˈaːtoː	agree	yes	[rät̪o]
रानी	r a n i	ɾˈaːni	agree	yes	[räni]
रामकिशोर	r a m k i s o r	ɾˌaːmkɪsˈoːɾ	audio	no	
रामधारी	r a m d̪ʱ a r i	ɾˌaːmdʰˈaːɾi	owner	no	
रामधारीका	r a m d̪ʱ a r i k a	ɾˌaːmdʰaːɾˈɪːkaː	audio	no	
रामधारीको	r a m d̪ʱ a r i k o	ɾˌaːmdʰaːɾˈɪːkoː	audio	no	
रामधारीलाई	r a m d̪ʱ a r i l a i	ɾˌaːmdʰˌaːɾɪːlˈaːi	audio	no	
रामधारीले	r a m d̪ʱ a r i l e	ɾˌaːmdʰaːɾˈɪːleː	audio	no	
रामो	r a m o	ɾˈaːmoː	agree	yes	[rämo]
राम्ररी	r a m r ʌ r i	ɾˈaːmɾəɾˌiː	agree	yes	[rämrʌɾi]
राम्रो	r a m r o	ɾˈaːmɾoː	agree	yes	[rämro]
राय	r a j	ɾˈaːj	audio	no	
रायमा	r a j m a	ɾˈaːjmˌaː	audio	no	
रायले	r a j ʌ l e	ɾˈaːjəlˌeː	owner	yes	
रारा	r a r a	ɾˈaːɾaː	agree	yes	[räɾä]
राष्ट्र	r a s ʈ r ʌ	ɾˈaːsʈɾˌə	agree	yes	[räs̠t̠rʌ]
राष्ट्रपति	r a s ʈ r ʌ p ʌ t̪ i	ɾˈaːsʈɾˌəpətˌɪ	agree	yes	[räs̠t̠rʌpʌt̪i]
राहतलगायत	r a ɦ ʌ t̪ ʌ l g a j ʌ t̪	ɾˌaːhətˌəlɡˈaːjət	audio	no	
रिक्वेस्ट	r i k w e s ʈ	ɾɪkwˈeːsʈ	audio	no	
रिजल्ट	r i dz ʌ l ʈ	ɾɪɟˈʌlʈ	audio	no	
रित्तो	r i t̪ t̪ o	ɾˈɪttˌoː	agree	yes	[rit̪̚t̪o]
रिप्लेसमेन्ट	r i p l e s m e n ʈ ʌ	ɾˌɪpleːsmˈeːnʈˌə	audio	no	
रुख	r u kʰ	ɾˈukʰ	agree	yes	[ruk̞ʰ]
रुचिरहेको	r u ts i r ɦ e k o	ɾˌucɪɾhˈeːkoː	audio	no	
रुनु	r u n u	ɾˈunˌu	agree	no	[runu]
रुप	r u p	ɾˈup	agree	yes	[rup]
रुपियाँ	r u p i j ã	ɾˈupɪjˌã	agree	yes	[rupijä̃]
रुपौलो	r u p ʌu l o	ɾupˈʌuloː	agree	yes	[rupʌu̯lo]
रुस	r u s	ɾˈus	agree	yes	[rus]
रूख	r u kʰ	ɾˈuːkʰ	agree	yes	[ruk̞ʰ]
रूप	r u p	ɾˈuːp	agree	yes	[rup]
रूपमा	r u p m a	ɾˈuːpmˌaː	agree	no	[rupmä]
रूपमै	r u p m ʌi	ɾˈuːpmˌai	audio	no	
रेकर्ड	r e k ʌ r ɖ	ɾeːkˈʌɾɖ	owner	no	[rekʌrɖ]
रेखदेख	r e kʰ d̪ e kʰ	ɾˌeːkʰdˈeːkʰ	audio	no	
रेखदेखको	r e kʰ d̪ e kʰ k o	ɾˌeːkʰdˈeːkʰkˌoː	audio	no	
रेखमाया	r e kʰ m a j a	ɾˌeːkʰmˈaːjaː	audio	no	
रेखा	r e kʰ a	ɾˈeːkʰaː	agree	yes	[rek̞ʰä]
रेडिएसनमार्फत	r e ɖ i e s ʌ n m a r pʰ ʌ t̪	ɾˌeːɖɪˌeːsənmˈaːɾpʰət	audio	no	
रेन्ज	r e n dz	ɾˈeːnɟ	audio	no	
रेन्जमा	r e n dz m a	ɾˈeːnɟmˌaː	audio	no	
रेमिट्यान्स	r e m i ʈ j a n s	ɾˌeːmɪʈjˈaːns	owner	no	
रेमिट्यान्सका	r e m i ʈ j a n s k a	ɾˌeːmɪʈjˈaːnskˌaː	audio	no	
रेमिट्यान्सको	r e m i ʈ j a n s k o	ɾˌeːmɪʈjˈaːnskˌoː	audio	no	
रेमिट्यान्समा	r e m i ʈ j a n s m a	ɾˌeːmɪʈjˈaːnsmˌaː	audio	no	
रेमिट्यान्सलाई	r e m i ʈ j a n s l a i	ɾˌeːmɪʈjˈaːnslˌaːi	audio	no	
रेस्टुरेन्ट	r e s ʈ u r e n ʈ	ɾˌeːsʈuɾˈeːnʈ	audio	no	
रेस्पेक्ट	r e s p e k ʈ	ɾeːspˈeːkʈ	audio	no	
रैति	r ʌi t̪ i	ɾˈaitɪ	agree	yes	[rʌi̯t̪i]
रोकथाम	r o k t̪ʰ a m	ɾˌoːktʰˈaːm	audio	no	
रोकथाममा	r o k t̪ʰ a m m a	ɾˌoːktʰˈaːmmˌaː	audio	no	
रोकिन	r o k i n ʌ	ɾˈoːkɪnˌə	audio	no	
रोक्नु	r o k n u	ɾˈoːknˌu	agree	no	[roknu]
रोग	r o g	ɾˈoːɡ	agree	yes	[roɡ̞]
रोगजारले	r o g dz a r l e	ɾˌoːɡɟˈaːɾlˌeː	audio	no	
रोजगार	r o dz g a r	ɾˌoːɟɡˈaːɾ	audio	no	
रोजगारका	r o dz g a r k a	ɾˌoːɟɡˈaːɾkˌaː	audio	no	
रोजगारबाट	r o dz g a r b a ʈ ʌ	ɾˌoːɟɡˌaːɾbˈaːʈˌə	audio	no	
रोजगारमा	r o dz g a r m a	ɾˌoːɟɡˈaːɾmˌaː	audio	no	
रोजगारी	r o dz g a r i	ɾˌoːɟɡˈaːɾi	audio	no	
रोजगारीका	r o dz g a r i k a	ɾˌoːɟɡaːɾˈɪːkaː	audio	no	
रोजगारीको	r o dz g a r i k o	ɾˌoːɟɡaːɾˈɪːkoː	audio	no	
रोजगारीमा	r o dz g a r i m a	ɾˌoːɟɡaːɾˈɪːmaː	audio	no	
रोटी	r o ʈ i	ɾˈoːʈi	agree	yes	[roʈi]
रोपनी	r o p ʌ n i	ɾˈoːpənˌiː	agree	yes	[ropʌni]
रोल	r o l ʌ	ɾˈoːlˌə	audio	no	
ल	l ʌ	lˈə	agree	yes	[lʌ]
लकडाउन	l ʌ k ʌ ɖ a u n	lˌəkəɖˈaːʊn	audio	yes	
लकडाउनकै	l ʌ k ɖ a u n ʌ k ʌi	lˌəkɖˈaːʊnˌəkai	audio	no	
लखनकी	l ʌ kʰ ʌ n ʌ k i	lˈʌkʰənˌəki	audio	yes	
लगाउनु	l ʌ g a u n u	ləɡˈaːʊnˌu	agree	yes	[lʌɡ̞äu̯nu]
लगानी	l ʌ g a n i	ləɡˈaːni	agree	yes	[lʌɡ̞äni]
लञ्च	l ʌ n ts	lˈʌnc	audio	no	
लट्ठी	l ʌ ʈ ʈʰ i	lˈʌʈʈʰˌiː	agree	yes	[lʌʈ̚ʈʰi]
लड्नु	l ʌ ɖ n u	lˈʌɖnˌu	agree	no	[lʌɽɳu]
लपक्क	l ʌ p ʌ k k ʌ	ləpˈʌkkˌə	agree	yes	[lʌpʌk̚kʌ]
लफडा	l ʌ pʰ ɖ a	lˈʌpʰɖˌaː	audio	no	
लयमा	l ʌ j m a	lˈʌjmˌaː	audio	no	
ललितपुर	l ʌ l i t̪ p u r	lˈʌlɪtpˌuɾ	audio	no	
ललितपुरको	l ʌ l i t̪ p u r k o	lˈʌlɪtpˌuɾkˌoː	audio	no	
ललितपुरमा	l ʌ l i t̪ p u r m a	lˈʌlɪtpˌuɾmˌaː	audio	no	
लसुन	l ʌ s u n	lˈʌsun	owner	yes	[lʌsunʌ]
लहडमा	l ʌ ɦ ʌ ɖ ʌ m a	lˈʌhəɖˌəmaː	audio	yes	
ला	l a	lˈaː	agree	yes	[lä]
लाँडो	l ã ɖ o	lãɖˈoː	agree	yes	[lä̃ɽo]
लाइफलाइन	l a i pʰ l a i n	lˌaːɪpʰlˈaːɪn	audio	no	
लाइफलाइनले	l a i pʰ l a i n l e	lˌaːɪpʰlˈaːɪnlˌeː	audio	no	
लाइसेन्स	l a i s e n s	lˌaːɪsˈeːns	audio	no	
लाइसेन्सका	l a i s e n s k a	lˌaːɪsˈeːnskˌaː	audio	no	
लाई	l a i	lˈaːi	agree	yes	[läi̯]
लाउनु	l a u n u	lˈaːʊnˌu	agree	yes	[läu̯nu]
लाख	l a kʰ	lˈaːkʰ	agree	yes	[läk̞ʰ]
लागि	l a g i	lˈaːɡɪ	agree	yes	[läɡ̞i]
लागिरहेको	l a g i r ɦ e k o	lˌaːɡɪɾhˈeːkoː	audio	no	
लाग्नु	l a g n u	lˈaːɡnˌu	agree	no	[läɡ̞nu]
लाठी	l a ʈʰ i	lˈaːʈʰi	agree	yes	[läʈʰi]
लाडो	l a ɖ o	lˈaːɖoː	agree	yes	[läɽo]
लान	l a n ʌ	lˈaːnˌə	audio	no	
लापरवाहीका	l a p ʌ r w a ɦ i k a	lˌaːpəɾwˈaːhɪːkˌaː	audio	no	
लाभदायक	l a bʱ d̪ a j ʌ k	lˌaːbʰdˈaːjək	audio	no	
लामखुट्टेका	l a m kʰ u ʈ ʈ e k a	lˌaːmkʰˈuʈʈˌeːkaː	audio	no	
लामखुट्टेको	l a m kʰ u ʈ ʈ e k o	lˌaːmkʰˈuʈʈˌeːkoː	audio	no	
लामा	l a m a	lˈaːmaː	agree	yes	[lämä]
लामो	l a m o	lˈaːmoː	agree	yes	[lämo]
लायक	l a j ʌ k ʌ	lˈaːjəkˌə	audio	yes	
लालकिल्ला	l a l k i l l a	lˌaːlkˈɪllaː	audio	no	
लालनपालन	l a l ʌ n p a l ʌ n	lˌaːlənpˈaːlən	audio	no	
लाष्टमा	l a s ʈ m a	lˈaːsʈmˌaː	audio	no	
लिइरहेका	l i i r ɦ e k a	lˌɪɪɾhˈeːkaː	audio	no	
लिइरहेको	l i i r ɦ e k o	lˌɪɪɾhˈeːkoː	audio	no	
लिएको	l i e k o	lɪˈeːkoː	agree	yes	[lieko]
लिग	l i g	lˈɪɡ	agree	yes	[liɡ̞]
लिङ्देन	l i ŋ d̪ e n	lɪŋdˈeːn	audio	yes	
लिङ्देनले	l i ŋ d̪ e n l e	lɪŋdˈeːnlˌeː	audio	no	
लिटरेचरमा	l i ʈ r e ts ʌ r m a	lˌɪʈɾˈeːcəɾmˌaː	audio	no	
लिन	l i n ʌ	lˈɪnˌə	owner	no	
लिनबाट	l i n ʌ b a ʈ ʌ	lˌɪnəbˈaːʈˌə	audio	no	
लिनु	l i n u	lˈɪnˌu	agree	no	[linu]
लिलाम	l i l a m	lɪlˈaːm	agree	no	[liläm]
लुकाउनु	l u k a u n u	lukˈaːʊnˌu	agree	yes	[lukäu̯nu]
लुक्नु	l u k n u	lˈuknˌu	agree	no	[luknu]
लुक्समा	l u k s m a	lˈuksmˌaː	audio	no	
लुगा	l u g a	lˈuɡaː	agree	yes	[luɡ̞ä]
लुपहोल	l u p ɦ o l	lˌuphˈoːl	audio	no	
लुम्बिनी	l u m b i n i	lˈumbɪnˌiː	agree	yes	[lumbini]
ले	l e	lˈeː	agree	yes	[le]
लेख	l e kʰ	lˈeːkʰ	agree	yes	[lek̞ʰ] / [le.kʰʌ]
लेखमा	l e kʰ m a	lˈeːkʰmˌaː	agree	no	[lek̞ʰmä]
लेखहरू	l e kʰ ɦ ʌ r u	lˈeːkʰhˌəɾuː	agree	no	/lekʰɦʌru/ / [ˈlek̞ʰˌɦʌɾu]
लेखिएको	l e kʰ i e k o	lˌeːkʰɪˈeːkoː	agree	yes	[lek̞ʰieko]
लेखिदिन्छ	l e kʰ i d̪ i n tsʰ ʌ	lˌeːkʰɪdˈɪncʰˌə	agree	yes	[lek̞ʰid̪in̻t͡sʰʌ]
लेखिनु	l e kʰ i n u	lˈeːkʰɪnˌu	agree	no	[lek̞ʰinu]
लेख्	l e kʰ	lˈeːkʰ	agree	yes	[lek̞ʰ]
लेख्न	l e kʰ n ʌ	lˈeːkʰnˌə	agree	yes	[lek̞ʰnʌ]
लेख्नु	l e kʰ n u	lˈeːkʰnˌu	agree	no	[lek̞ʰnu]
लेन	l e n	lˈeːn	audio	yes	
लेनको	l e n k o	lˈeːnkˌoː	audio	no	
लेनले	l e n l e	lˈeːnlˌeː	audio	no	
लेनहरू	l e n ɦ ʌ r u	lˈeːnhˌəɾuː	audio	no	
लैङ्गिक	l ʌi ŋ g i k	lˈaiŋɡɪk	agree	no	[lʌi̯ŋɡik]
लैजान	l ʌi dz a n ʌ	laiɟˈaːnˌə	audio	no	
लोकतान्त्रिक	l o k t̪ a n t̪ r i k	lˌoːktˈaːntɾɪk	audio	no	
लोकमान	l o k m a n	lˌoːkmˈaːn	audio	no	
लोकराज	l o k r a dz	lˌoːkɾˈaːɟ	audio	no	
लोग्ने	l o g n e	lˈoːɡneː	agree	yes	[loɡ̞ne]
लोडसेडिङ	l o ɖ s e ɖ i ŋ	lˌoːɖsˈeːɖɪŋ	owner	no	
लोडसेडिङको	l o ɖ s e ɖ i ŋ k o	lˌoːɖsˈeːɖɪŋkˌoː	audio	no	
लोडसेडिङमुक्त	l o ɖ s e ɖ i ŋ ʌ m u k t̪ ʌ	lˌoːɖsˌeːɖɪŋəmˈuktˌə	audio	no	
लोडसेडिङले	l o ɖ s e ɖ i ŋ l e	lˌoːɖsˈeːɖɪŋlˌeː	audio	no	
लोडसेडिङविरुद्ध	l o ɖ s e ɖ i ŋ ʌ w i r u d̪ d̪ʱ ʌ	lˌoːɖsˌeːɖɪŋəwˌɪɾˈuddʰˌə	audio	no	
लौरो	l ʌu r o	lˈʌuɾoː	agree	yes	[lʌu̯ɾo]
ल्याइरहेका	l j a i r ɦ e k a	ljˌaːɪɾhˈeːkaː	audio	no	
ल्याबरेटोरी	l j a b r e ʈ o r i	ljˌaːbɾeːʈˈoːɾi	audio	no	
ल्वाङ	l w a ŋ	lwˈaːŋ	agree	yes	[lwäŋ]
वन	b ʌ n	bˈʌn	agree	no	[bʌn]
वरपरका	w ʌ r ʌ p ʌ r ʌ k a	wˈʌɾəpˌəɾəkˌaː	owner	yes	
वरपरको	b ʌ r ʌ p ʌ r ʌ k o	bˈʌɾəpˌəɾəkˌoː	audio	no	
वर्क	b ʌ r k	bˈʌɾk	audio	no	
वर्ग	b ʌ r g ʌ	bˈʌɾɡˌə	agree	no	[bʌrɡʌ]
वर्गीयले	b ʌ r g i j l e	bəɾɡˈɪːjlˌeː	audio	no	
वर्णमाला	b ʌ r n ʌ m a l a	bˌəɾnəmˈaːlaː	agree	no	[bʌrɽ̃ʌmälä] / [bʌrnʌmälä]
वर्ल्ड	w ʌ r l ɖ	wˈʌɾlɖ	owner	no	
वर्ल्डः	w ʌ r l ɖ ʌ ɦ	wˈʌɾlɖəh	owner	no	
वर्ल्डकन	w ʌ r l ɖ ʌ k ʌ n	wˈʌɾlɖəkˌən	owner	no	
वर्ल्डकम	w ʌ r l ɖ ʌ k ʌ m	wˈʌɾlɖəkˌəm	owner	no	
वर्ल्डक्याट	w ʌ r l ɖ ʌ k j a ʈ	wˌəɾlɖəkjˈaːʈ	owner	no	
वर्ल्डद्वारा	w ʌ r l ɖ ʌ d̪ w a r a	wˌəɾlɖədwˈaːɾaː	owner	no	
वर्ल्डनेटडेली	w ʌ r l ɖ ʌ n e ʈ ʌ ɖ e l i	wˌəɾlɖənˌeːʈəɖˈeːli	owner	no	
वर्ल्डप्राइड	w ʌ r l ɖ ʌ p r a i ɖ	wˌəɾlɖəpɾˈaːɪɖ	owner	no	
वर्ल्डफेस्ट	w ʌ r l ɖ ʌ pʰ e s ʈ ʌ	wˌəɾlɖəpʰˈeːsʈˌə	owner	no	
वर्ल्डबिट	w ʌ r l ɖ ʌ b i ʈ	wˈʌɾlɖəbˌɪʈ	owner	no	
वर्ल्डभिजन	w ʌ r l ɖ ʌ bʱ i dz ʌ n	wˈʌɾlɖəbʰˌɪɟən	owner	no	
वर्ल्डभ्यु	w ʌ r l ɖ ʌ bʱ j u	wəɾlɖˈʌbʰjˌu	owner	no	
वर्ल्डवाइड	w ʌ r l ɖ ʌ w a i ɖ	wˌəɾlɖəwˈaːɪɖ	owner	no	
वर्ल्डवाच	w ʌ r l ɖ ʌ w a ts	wˌəɾlɖəwˈaːc	owner	no	
वर्ल्ड्स	w ʌ r l ɖ s ʌ	wˈʌɾlɖsˌə	owner	no	
वर्ल्ड्सः	w ʌ r l ɖ s ʌ ɦ	wˈʌɾlɖsəh	owner	no	
वर्षा	b ʌ r s a	bˈʌɾsaː	agree	no	[bʌrsä]
वसन्त	b ʌ s ʌ n t̪ ʌ	bəsˈʌntˌə	agree	no	[bʌsʌn̪t̪ʌ]
वा	w a	wˈaː	owner	yes	
वाइटुक	w a i ʈ u k	wˈaːɪʈˌuk	owner	no	
वाइन	w a i n	wˈaːɪn	owner	yes	
वाइनः	w a i n ɦ	wˈaːɪnh	owner	no	
वाइनकफ	w a i n ʌ k ʌ pʰ	wˈaːɪnˌəkəpʰ	owner	yes	
वाइनगर	w a i n ʌ g ʌ r	wˈaːɪnˌəɡəɾ	owner	no	
वाइनग्लास	w a i n ʌ g l a s	wˌaːɪnəɡlˈaːs	owner	yes	
वाइनद्वारा	w a i n ʌ d̪ w a r a	wˌaːɪnədwˈaːɾaː	owner	yes	
वाइनप्रेस	w a i n ʌ p r e s	wˌaːɪnəpɾˈeːs	owner	yes	
वाइनफ्रिड	w a i n ʌ pʰ r i ɖ	wˌaːɪnˈʌpʰɾɪɖ	owner	yes	
वाइनफ्रेड	w a i n ʌ pʰ r e ɖ	wˌaːɪnəpʰɾˈeːɖ	owner	yes	
वाइनफ्रेडको	w a i n ʌ pʰ r e ɖ k o	wˌaːɪnəpʰɾˈeːɖkˌoː	owner	no	
वाइनफ्रेडले	w a i n ʌ pʰ r e ɖ l e	wˌaːɪnəpʰɾˈeːɖlˌeː	owner	no	
वाइनमेकर	w a i n ʌ m e k ʌ r	wˌaːɪnəmˈeːkəɾ	owner	no	
वाइनमेकरको	w a i n ʌ m e k ʌ r k o	wˌaːɪnəmˈeːkəɾkˌoː	owner	no	
वाइनमेकिङ	w a i n ʌ m e k i ŋ	wˌaːɪnəmˈeːkɪŋ	owner	yes	
वाइनयार्ड	w a i n ʌ j a r ɖ ʌ	wˌaːɪnəjˈaːɾɖˌə	owner	no	
वाइनयार्डको	w a i n ʌ j a r ɖ ʌ k o	wˌaːɪnəjˈaːɾɖəkˌoː	owner	no	
वाइनयार्डमा	w a i n ʌ j a r ɖ ʌ m a	wˌaːɪnəjˈaːɾɖəmˌaː	owner	no	
वाइनर	w a i n ʌ r	wˈaːɪnˌəɾ	owner	no	
वाइनरको	w a i n ʌ r k o	wˈaːɪnˌəɾkˌoː	owner	no	
वाइनरद्वारा	w a i n ʌ r ʌ d̪ w a r a	wˌaːɪnˌəɾədwˈaːɾaː	owner	yes	
वाइनरलाई	w a i n ʌ r l a i	wˌaːɪnˌəɾlˈaːi	owner	no	
वाइनरले	w a i n ʌ r l e	wˈaːɪnˌəɾlˌeː	owner	no	
वाइनरहरू	w a i n ʌ r ɦ ʌ r u	wˈaːɪnˌəɾhˌəɾuː	owner	no	
वाइनरी	w a i n ʌ r i	wˈaːɪnˌəɾi	owner	yes	
वाइनरीका	w a i n ʌ r i k a	wˌaːɪnəɾˈɪːkaː	owner	yes	
वाइनरीको	w a i n ʌ r i k o	wˌaːɪnəɾˈɪːkoː	owner	yes	
वाइनरीद्वारा	w a i n ʌ r i d̪ w a r a	wˌaːɪnˌəɾɪːdwˈaːɾaː	owner	yes	
वाइनरीबाट	w a i n ʌ r i b a ʈ ʌ	wˌaːɪnˌəɾɪːbˈaːʈˌə	owner	no	
वाइनरीमा	w a i n ʌ r i m a	wˌaːɪnəɾˈɪːmaː	owner	yes	
वाइनरीलाई	w a i n ʌ r i l a i	wˌaːɪnˌəɾɪːlˈaːi	owner	yes	
वाइनरीले	w a i n ʌ r i l e	wˌaːɪnəɾˈɪːleː	owner	yes	
वाइनरीसँग	w a i n ʌ r i s ʌ̃ g ʌ	wˌaːɪnˌəɾɪːsˈʌ̃ɡˌə	owner	no	
वाइनरीहरू	w a i n ʌ r i ɦ ʌ r u	wˌaːɪnəɾˈɪːhəɾˌuː	owner	yes	
वाइनरीहरूका	w a i n ʌ r i ɦ ʌ r u k a	wˌaːɪnˌəɾɪːhəɾˈuːkaː	owner	yes	
वाइनरीहरूको	w a i n ʌ r i ɦ ʌ r u k o	wˌaːɪnˌəɾɪːhəɾˈuːkoː	owner	yes	
वाइनरीहरूद्वारा	w a i n ʌ r i ɦ ʌ r u d̪ w a r a	wˌaːɪnˌəɾɪːhˌəɾuːdwˈaːɾaː	owner	yes	
वाइनरीहरूबाट	w a i n ʌ r i ɦ ʌ r u b a ʈ ʌ	wˌaːɪnˌəɾɪːhˌəɾuːbˈaːʈˌə	owner	no	
वाइनरीहरूमा	w a i n ʌ r i ɦ ʌ r u m a	wˌaːɪnˌəɾɪːhəɾˈuːmaː	owner	yes	
वाइनरीहरूलाई	w a i n ʌ r i ɦ ʌ r u l a i	wˌaːɪnˌəɾɪːhˌəɾuːlˈaːi	owner	yes	
वाइनरीहरूले	w a i n ʌ r i ɦ ʌ r u l e	wˌaːɪnˌəɾɪːhəɾˈuːleː	owner	yes	
वाइनसबर्ग	w a i n ʌ s ʌ b ʌ r g ʌ	wˌaːɪnˌəsəbˈʌɾɡˌə	owner	no	
वाइनसहित	w a i n ʌ s ʌ ɦ i t̪	wˈaːɪnˌəsəhˌɪt	owner	yes	
वाइनस्किन	w a i n ʌ s k i n	wˌaːɪnˈʌskɪn	owner	yes	
वाइनस्टाइन	w a i n ʌ s ʈ a i n	wˌaːɪnəsʈˈaːɪn	owner	yes	
वाइनस्टाइनका	w a i n ʌ s ʈ a i n k a	wˌaːɪnəsʈˈaːɪnkˌaː	owner	no	
वाइनस्टाइनको	w a i n ʌ s ʈ a i n k o	wˌaːɪnəsʈˈaːɪnkˌoː	owner	no	
वाइनस्टाइनद्वारा	w a i n ʌ s ʈ a i n ʌ d̪ w a r a	wˌaːɪnˌəsʈaːˌɪnədwˈaːɾaː	owner	yes	
वाइनस्टाइनलाई	w a i n ʌ s ʈ a i n l a i	wˌaːɪnˌəsʈaːˌɪnlˈaːi	owner	no	
वाइनस्टाइनले	w a i n ʌ s ʈ a i n l e	wˌaːɪnəsʈˈaːɪnlˌeː	owner	no	
वाइनस्टाइनसँग	w a i n ʌ s ʈ a i n s ʌ̃ g ʌ	wˌaːɪnˌəsʈaːˌɪnsˈʌ̃ɡˌə	owner	no	
वाइनस्टीन	w a i n ʌ s ʈ i n	wˌaːɪnəsʈˈɪːn	owner	yes	
वाइनहाउस	w a i n ʌ ɦ a u s	wˌaːɪnəhˈaːʊs	owner	yes	
वाइनहाउसका	w a i n ʌ ɦ a u s k a	wˌaːɪnəhˈaːʊskˌaː	owner	no	
वाइनहाउसको	w a i n ʌ ɦ a u s k o	wˌaːɪnəhˈaːʊskˌoː	owner	no	
वाइनहाउसलाई	w a i n ʌ ɦ a u s l a i	wˌaːɪnˌəhaːˌʊslˈaːi	owner	no	
वाइनहाउसले	w a i n ʌ ɦ a u s l e	wˌaːɪnəhˈaːʊslˌeː	owner	no	
वाइनिक	w a i n i k	wˈaːɪnˌɪk	owner	no	
वाइनिङ	w a i n i ŋ	wˈaːɪnˌɪŋ	owner	yes	
वाइनी	w a i n i	wˈaːɪnˌiː	owner	yes	
वाइने	w a i n e	wˈaːɪnˌeː	owner	yes	
वाइनेकपले	w a i n e k ʌ p l e	wˌaːɪnˈeːkəplˌeː	owner	no	
वाइनेट	w a i n e ʈ	wˌaːɪnˈeːʈ	owner	yes	
वाइनेटको	w a i n e ʈ k o	wˌaːɪnˈeːʈkˌoː	owner	no	
वाइनेटद्वारा	w a i n e ʈ ʌ d̪ w a r a	wˌaːɪnˌeːʈədwˈaːɾaː	owner	yes	
वाइनेटले	w a i n e ʈ l e	wˌaːɪnˈeːʈlˌeː	owner	no	
वाइनेटसँग	w a i n e ʈ s ʌ̃ g ʌ	wˌaːɪnˌeːʈsˈʌ̃ɡˌə	owner	no	
वाइनेफिल्ड	w a i n e pʰ i l ɖ ʌ	wˌaːɪneːpʰˈɪlɖˌə	owner	yes	
वाइनो	w a i n o	wˈaːɪnˌoː	owner	yes	
वाइनोना	w a i n o n a	wˌaːɪnˈoːnaː	owner	yes	
वाइनोनी	w a i n o n i	wˌaːɪnˈoːni	owner	yes	
वाइन्ज	w a i n dz ʌ	waːˈɪnɟˌə	owner	yes	
वाइन्ड	w a i n ɖ ʌ	waːˈɪnɖˌə	owner	yes	
वाइन्डिङ	w a i n ɖ i ŋ	waːˈɪnɖɪŋ	owner	yes	
वाइन्डिङका	w a i n ɖ i ŋ k a	waːˈɪnɖɪŋkˌaː	owner	no	
वाइन्डिङको	w a i n ɖ i ŋ k o	waːˈɪnɖɪŋkˌoː	owner	no	
वाइन्डिङबाट	w a i n ɖ i ŋ b a ʈ ʌ	wˌaːɪnɖˌɪŋbˈaːʈˌə	owner	no	
वाइन्डिङमा	w a i n ɖ i ŋ m a	waːˈɪnɖɪŋmˌaː	owner	no	
वाइन्डिङलाई	w a i n ɖ i ŋ l a i	wˌaːɪnɖˌɪŋlˈaːi	owner	no	
वाइन्डिङले	w a i n ɖ i ŋ l e	waːˈɪnɖɪŋlˌeː	owner	no	
वाइन्डिङसँग	w a i n ɖ i ŋ s ʌ̃ g ʌ	wˌaːɪnɖˌɪŋsˈʌ̃ɡˌə	owner	no	
वाइन्डिङहरू	w a i n ɖ i ŋ ɦ ʌ r u	waːˈɪnɖɪŋhˌəɾˌuː	owner	no	
वाइन्डिङहरूको	w a i n ɖ i ŋ ɦ ʌ r u k o	wˌaːɪnɖˌɪŋhəɾˈuːkoː	owner	no	
वाइन्स	w a i n s ʌ	waːˈɪnsˌə	owner	yes	
वाइन्सटाइन	w a i n s ʌ ʈ a i n	wˌaːɪnsəʈˈaːɪn	owner	yes	
वाइफ	w a i pʰ	wˈaːɪpʰ	owner	yes	
वाइफपी	w a i pʰ ʌ p i	wˈaːɪpʰˌəpi	owner	yes	
वाइफा	w a i pʰ a	wˈaːɪpʰˌaː	owner	yes	
वाइफाइ	w a i pʰ a i	wˌaːɪpʰˈaːɪ	owner	yes	
वाइफाइका	w a i pʰ a i k a	wˌaːɪpʰˈaːɪkˌaː	owner	yes	
वाइफाइको	w a i pʰ a i k o	wˌaːɪpʰˈaːɪkˌoː	owner	yes	
वाइफाइमा	w a i pʰ a i m a	wˌaːɪpʰˈaːɪmˌaː	owner	yes	
वाइफाइलाई	w a i pʰ a i l a i	wˌaːɪpʰˌaːɪlˈaːi	owner	yes	
वाइफाइले	w a i pʰ a i l e	wˌaːɪpʰˈaːɪlˌeː	owner	yes	
वाइफाई	w a i pʰ a i	wˌaːɪpʰˈaːi	owner	yes	
वाइफी	w a i pʰ i	wˈaːɪpʰˌiː	owner	yes	
वाइफु	w a i pʰ u	wˈaːɪpʰˌu	owner	yes	
वाइफेरिक	w a i pʰ e r i k	wˌaːɪpʰˈeːɾɪk	owner	no	
वाइफोल्ड	w a i pʰ o l ɖ ʌ	wˌaːɪpʰˈoːlɖˌə	owner	yes	
वाइफ्रेडो	w a i pʰ r e ɖ o	wˌaːɪpʰɾˈeːɖoː	owner	yes	
वाइफ्स	w a i pʰ s ʌ	waːˈɪpʰsˌə	owner	yes	
वाक्नु	w a k n u	wˈaːknˌu	owner	no	[wäknu]
वाक्य	b a k j	bˈaːkj	audio	no	[wäkke] / [bäkke]
वाङ्ला	b a ŋ l a	bˈaːŋlaː	owner	no	[wäŋlä]
वाट्सएप	w a ʈ s ʌ e p	wˈaːʈsəˌeːp	owner	yes	
वायरिङ	w a j ʌ r i ŋ	wˈaːjəɾˌɪŋ	owner	yes	
वायरिङमा	w a j r i ŋ m a	wˈaːjɾˌɪŋmˌaː	owner	no	
वारपार	b a r p a r	bˌaːɾpˈaːɾ	audio	no	
वार्ड	w a r ɖ	wˈaːɾɖ	owner	no	
वार्डः	w a r ɖ ʌ ɦ	wˈaːɾɖəh	owner	no	
वार्डअन्तर्गत	w a r ɖ ʌ ʌ n t̪ ʌ r g ʌ t̪	wˈaːɾɖəˌəntəɾɡˌət	owner	no	
वार्डटाउन	w a r ɖ ʌ ʈ a u n ʌ	wˈaːɾɖəʈˌaːʊnˌə	owner	no	
वार्डद्वारा	w a r ɖ ʌ d̪ w a r a	wˌaːɾɖədwˈaːɾaː	owner	no	
वार्डन	w a r ɖ ʌ n	wˈaːɾɖən	owner	no	
वार्डनः	w a r ɖ ʌ n ɦ	wˈaːɾɖənh	owner	no	
वार्डनका	w a r ɖ ʌ n k a	wˈaːɾɖənkˌaː	owner	no	
वार्डनकी	w a r ɖ ʌ n k i	wˈaːɾɖənkˌi	owner	no	
वार्डनको	w a r ɖ ʌ n k o	wˈaːɾɖənkˌoː	owner	no	
वार्डनद्वारा	w a r ɖ ʌ n ʌ d̪ w a r a	wˌaːɾɖənədwˈaːɾaː	owner	no	
वार्डनबाट	w a r ɖ ʌ n b a ʈ ʌ	wˈaːɾɖənbˌaːʈˌə	owner	no	
वार्डनमा	w a r ɖ ʌ n m a	wˈaːɾɖənmˌaː	owner	no	
वार्डनर	w a r ɖ ʌ n ʌ r	wˈaːɾɖənˌəɾ	owner	no	
वार्डनलाई	w a r ɖ ʌ n l a i	wˈaːɾɖənlˌaːˌiː	owner	no	
वार्डनले	w a r ɖ ʌ n l e	wˈaːɾɖənlˌeː	owner	no	
वार्डनसँग	w a r ɖ ʌ n s ʌ̃ g ʌ	wˈaːɾɖənsˌʌ̃ɡˌə	owner	no	
वार्डनहरू	w a r ɖ ʌ n ɦ ʌ r u	wˈaːɾɖənhˌəɾˌuː	owner	no	
वार्डनहरूको	w a r ɖ ʌ n ɦ ʌ r u k o	wˈaːɾɖənhˌəɾˌuːkoː	owner	no	
वार्डनहरूद्वारा	w a r ɖ ʌ n ʌ ɦ ʌ r u d̪ w a r a	wˌaːɾɖənˌəhəɾuːdwˈaːɾaː	owner	no	
वार्डनहरूलाई	w a r ɖ ʌ n ɦ ʌ r u l a i	wˈaːɾɖənhˌəɾˌuːlaːˌiː	owner	no	
वार्डनहरूले	w a r ɖ ʌ n ɦ ʌ r u l e	wˈaːɾɖənhˌəɾˌuːleː	owner	no	
वार्डपछि	w a r ɖ ʌ p ʌ tsʰ i	wˈaːɾɖəpˌəcʰɪ	owner	no	
वार्डभित्र	w a r ɖ ʌ bʱ i t̪ r ʌ	wˌaːɾɖəbʰˈɪtɾˌə	owner	no	
वार्डमध्ये	w a r ɖ ʌ m ʌ d̪ʱ j e	wˈaːɾɖəmˌədʰjeː	owner	no	
वार्डमा	w a r ɖ m a	wˈaːɾɖmˌaː	owner	no	
वार्डम्यान	w a r ɖ ʌ m j a n	wˈaːɾɖəmjˌaːn	owner	no	
वार्डम्यानले	w a r ɖ ʌ m j a n l e	wˈaːɾɖəmjˌaːnlˌeː	owner	no	
वार्डर	w a r ɖ ʌ r	wˈaːɾɖəɾ	owner	no	
वार्डरको	w a r ɖ ʌ r k o	wˈaːɾɖəɾkˌoː	owner	no	
वार्डरलाई	w a r ɖ ʌ r l a i	wˈaːɾɖəɾlˌaːˌiː	owner	no	
वार्डरले	w a r ɖ ʌ r l e	wˈaːɾɖəɾlˌeː	owner	no	
वार्डरहरू	w a r ɖ ʌ r ɦ ʌ r u	wˈaːɾɖəɾhˌəɾˌuː	owner	no	
वार्डरहरूको	w a r ɖ ʌ r ɦ ʌ r u k o	wˈaːɾɖəɾhˌəɾˌuːkoː	owner	no	
वार्डरहरूलाई	w a r ɖ ʌ r ɦ ʌ r u l a i	wˈaːɾɖəɾhˌəɾˌuːlaːˌiː	owner	no	
वार्डरहरूले	w a r ɖ ʌ r ɦ ʌ r u l e	wˈaːɾɖəɾhˌəɾˌuːleː	owner	no	
वार्डरुम	w a r ɖ ʌ r u m	wˈaːɾɖəɾˌum	owner	no	
वार्डरूममा	w a r ɖ ʌ r u m m a	wˈaːɾɖəɾˌuːmmˌaː	owner	no	
वार्डरोप	w a r ɖ ʌ r o p	wˈaːɾɖəɾˌoːp	owner	no	
वार्डरोपले	w a r ɖ ʌ r o p l e	wˈaːɾɖəɾˌoːplˌeː	owner	no	
वार्डरोब	w a r ɖ ʌ r o b	wˈaːɾɖəɾˌoːb	owner	no	
वार्डरोबका	w a r ɖ ʌ r o b k a	wˈaːɾɖəɾˌoːbkˌaː	owner	no	
वार्डरोबको	w a r ɖ ʌ r o b k o	wˈaːɾɖəɾˌoːbkˌoː	owner	no	
वार्डरोबबाट	w a r ɖ ʌ r o b b a ʈ ʌ	wˈaːɾɖəɾˌoːbbˌaːʈˌə	owner	no	
वार्डरोबमा	w a r ɖ ʌ r o b m a	wˈaːɾɖəɾˌoːbmˌaː	owner	no	
वार्डरोबलाई	w a r ɖ ʌ r o b l a i	wˈaːɾɖəɾˌoːblˌaːi	owner	no	
वार्डरोबले	w a r ɖ ʌ r o b l e	wˈaːɾɖəɾˌoːblˌeː	owner	no	
वार्डरोबहरू	w a r ɖ ʌ r o b ɦ ʌ r u	wˈaːɾɖəɾˌoːbhˌəɾuː	owner	no	
वार्डल	w a r ɖ ʌ l	wˈaːɾɖəl	owner	no	
वार्डलको	w a r ɖ ʌ l k o	wˈaːɾɖəlkˌoː	owner	no	
वार्डलद्वारा	w a r ɖ ʌ l ʌ d̪ w a r a	wˌaːɾɖələdwˈaːɾaː	owner	no	
वार्डललाई	w a r ɖ ʌ l l a i	wˈaːɾɖəllˌaːˌiː	owner	no	
वार्डलले	w a r ɖ ʌ l l e	wˈaːɾɖəllˌeː	owner	no	
वार्डलाले	w a r ɖ ʌ l a l e	wˈaːɾɖəlˌaːleː	owner	no	
वार्डली	w a r ɖ ʌ l i	wˈaːɾɖəlˌiː	owner	no	
वार्डलॉ	w a r ɖ ʌ l	wˈaːɾɖəl	owner	no	
वार्डलो	w a r ɖ ʌ l o	wˈaːɾɖəlˌoː	owner	no	
वार्डलोले	w a r ɖ ʌ l o l e	wˈaːɾɖəlˌoːleː	owner	no	
वार्डवेल	w a r ɖ ʌ w e l	wˌaːɾɖəwˈeːl	owner	no	
वार्डसँगै	w a r ɖ ʌ s ʌ̃ g ʌi	wˌaːɾɖəsʌ̃ɡˈai	owner	no	
वार्डसहित	w a r ɖ ʌ s ʌ ɦ i t̪	wˈaːɾɖəsˌəhɪt	owner	no	
वार्डसिप	w a r ɖ ʌ s i p	wˈaːɾɖəsˌɪp	owner	no	
वार्डसिपको	w a r ɖ ʌ s i p k o	wˈaːɾɖəsˌɪpkˌoː	owner	no	
वार्डसिपमा	w a r ɖ ʌ s i p m a	wˈaːɾɖəsˌɪpmˌaː	owner	no	
वार्डहरूः	w a r ɖ ʌ ɦ ʌ r u ɦ	wˈaːɾɖəhˌəɾuːh	owner	no	
वार्डहरूद्वारा	w a r ɖ ʌ ɦ ʌ r u d̪ w a r a	wˌaːɾɖəhˌəɾuːdwˈaːɾaː	owner	no	
वार्डियन	w a r ɖ i j ʌ n	wˈaːɾɖɪjˌən	owner	no	
वार्डिल	w a r ɖ i l	wˈaːɾɖɪl	owner	no	
वार्डिस	w a r ɖ i s	wˈaːɾɖɪs	owner	no	
वार्डी	w a r ɖ i	wˈaːɾɖi	owner	no	
वार्डीको	w a r ɖ i k o	wˈaːɾɖɪːkˌoː	owner	no	
वार्डीलाई	w a r ɖ i l a i	wˈaːɾɖɪːlˌaːi	owner	no	
वार्डीले	w a r ɖ i l e	wˈaːɾɖɪːlˌeː	owner	no	
वार्डे	w a r ɖ e	wˈaːɾɖeː	owner	no	
वार्डेन	w a r ɖ e n	wˈaːɾɖeːn	owner	no	
वार्डेनक्लिफ	w a r ɖ e n ʌ k l i pʰ	wˈaːɾɖeːnˌəklɪpʰ	owner	no	
वार्डेनबर्ग	w a r ɖ e n ʌ b ʌ r g ʌ	wˌaːɾɖeːnəbˈʌɾɡˌə	owner	no	
वार्डेनिस	w a r ɖ e n i s	wˈaːɾɖeːnˌɪs	owner	no	
वार्डेन्सिप	w a r ɖ e n s i p	waːɾɖˈeːnsɪp	owner	no	
वार्डेल	w a r ɖ e l	wˈaːɾɖeːl	owner	no	
वार्डेलको	w a r ɖ e l k o	wˈaːɾɖeːlkˌoː	owner	no	
वार्डेलद्वारा	w a r ɖ e l ʌ d̪ w a r a	wˌaːɾɖeːlədwˈaːɾaː	owner	no	
वार्डेललाई	w a r ɖ e l l a i	wˈaːɾɖeːllˌaːˌiː	owner	no	
वार्डेलले	w a r ɖ e l l e	wˈaːɾɖeːllˌeː	owner	no	
वार्डेले	w a r ɖ e l e	wˈaːɾɖeːlˌeː	owner	no	
वार्डो	w a r ɖ o	wˈaːɾɖoː	owner	no	
वार्डोर	w a r ɖ o r	wˈaːɾɖoːɾ	owner	no	
वार्डोरको	w a r ɖ o r k o	wˈaːɾɖoːɾkˌoː	owner	no	
वार्डोरले	w a r ɖ o r l e	wˈaːɾɖoːɾlˌeː	owner	no	
वार्ड्रप	w a r ɖ r ʌ p	wˈaːɾɖɾəp	owner	no	
वार्ड्रपको	w a r ɖ r ʌ p k o	wˈaːɾɖɾəpkˌoː	owner	no	
वार्ड्स	w a r ɖ s ʌ	wˈaːɾɖsˌə	owner	no	
वार्ता	b a r t̪ a	bˈaːɾtaː	agree	no	[bärt̪ä]
वार्तालाप	b a r t̪ a l a p	bˈaːɾtaːlˌaːp	agree	no	[bärt̪äläp]
वालपेपर	w a l p e p ʌ r	wˌaːlpˈeːpəɾ	owner	no	
वालपेपरको	w a l p e p ʌ r k o	wˌaːlpˈeːpəɾkˌoː	owner	no	
वालमार्ट	w a l ʌ m a r ʈ ʌ	wˌaːləmˈaːɾʈˌə	owner	no	
वालमार्टद्वारा	w a l ʌ m a r ʈ ʌ d̪ w a r a	wˌaːləmˌaːɾʈədwˈaːɾaː	owner	no	
वास्तविकता	b a s t̪ ʌ w i k t̪ a	bˌaːstəwˈɪktˌaː	audio	no	
वास्तविकतालाई	b a s t̪ ʌ w i k t̪ a l a i	bˌaːstəwˈɪktˌaːlaːˌiː	audio	no	
विकको	b i k ʌ k o	bˈɪkəkˌoː	audio	no	
विकटताले	b i k ʌ ʈ t̪ a l e	bˌɪkəʈtˈaːleː	audio	no	
विकराल	b i k ʌ r a l ʌ	bˌɪkəɾˈaːlˌə	audio	no	
विकले	b i k ʌ l e	bˈɪkəlˌeː	audio	no	
विकास	b i k a s	bɪkˈaːs	agree	no	[bikäs]
विकासबारे	b i k a s b a r e	bˌɪkaːsbˈaːɾeː	audio	no	
विकि	b i k i	bˈɪkɪ	agree	no	[biki]
विकिको	w i k i k o	wˈɪkɪkˌoː	owner	yes	/wi.ki.ko/
विकिपिडिया	w i k i p i ɖ i j a	wˈɪkɪpˌɪɖɪjˌaː	owner	yes	/wikipiɖija/
विकिपिडियाः	w i k i p i ɖ i j a ɦ	wˌɪkɪpˌɪɖɪjˈaːh	owner	yes	
विकिपिडियाअनुसार	w i k i p i ɖ i j a ʌ n u s a r	wˌɪkɪpˌɪɖɪjˈaːənusˌaːɾ	owner	no	
विकी	w i k i	wˈɪki	owner	yes	/wiki/
विखण्डनको	b i kʰ ʌ n ɖ ʌ n ʌ k o	bɪkʰˈʌnɖənˌəkoː	audio	no	
विजय	b i dz ʌ j	bˈɪɟəj	audio	no	
विजयादशमी	b i dz ʌ j a d̪ ʌ s ʌ m i	bˌɪɟəjˈaːdəsˌəmi	agree	no	[bi(d)zʌjä.d̪ʌ.sʌ.mi]
विज्ञान	b i g j a n	bɪɡjˈaːn	agree	no	[biɡ̞jän]
विडूर	b i ɖ u r	bɪɖˈuːɾ	owner	no	[biɽuɾʌ]
विदयार्थी	b i d̪ j a r t̪ʰ i	bˌɪdjˈaːɾtʰi	audio	no	
विदयार्थीलाई	b i d̪ j a r t̪ʰ i l a i	bˌɪdjˈaːɾtʰɪːlˌaːi	audio	no	
विदयालयका	b i d̪ j a l ʌ j ʌ k a	bˌɪdjˈaːləjˌəkaː	audio	no	
विदयुत	b i d̪ j u t̪	bˈɪdjˌut	audio	no	
विदेश	b i d̪ e s	bɪdˈeːs	agree	no	[bid̪es]
विद्यालय	b i d̪ j a l ʌ j	bɪdjˈaːləj	audio	no	
विद्युतगृह	b i d̪ j u t̪ g r i ɦ ʌ	bˌɪdjutɡɾˈɪhˌə	audio	no	
विनय	b i n ʌ j	bˈɪnəj	audio	no	
विनासकारी	b i n a s k a r i	bˌɪnaːskˈaːɾi	audio	no	
विनोद	b i n o d̪	bɪnˈoːd	agree	no	[binod̪]
विन्डोज	w i n ɖ o dz	wɪnɖˈoːɟ	owner	yes	
विन्डोजद्वारा	w i n ɖ o dz ʌ d̪ w a r a	wˌɪnɖoːɟədwˈaːɾaː	owner	yes	
विन्डोजहरूद्वारा	w i n ɖ o dz ʌ ɦ ʌ r u d̪ w a r a	wˌɪnɖoːɟˌəhəɾuːdwˈaːɾaː	owner	yes	
विपुल्	b i p u l	bˈɪpul	agree	no	[bipul]
विराटनगर	b i r a ʈ n ʌ g ʌ r	bɪɾˈaːʈnˌəɡəɾ	owner	no	[biɾäʈɳʌɡ̞ʌr]
विवेकमाथि	b i w e k m a t̪ʰ i	bɪwˈeːkmˌaːtʰɪ	audio	no	
विवेकशील	b i w e k s i l	bɪwˈeːksˌɪːl	audio	no	
विशेषता	b i s e s t̪ a	bɪsˈeːstˌaː	audio	no	
विशेषताअनुसार	b i s e s t̪ a ʌ n u s a r	bˌɪseːstˈaːənusˌaːɾ	audio	no	
विशेषताहरू	b i s e s t̪ a ɦ ʌ r u	bˌɪseːstˈaːhəɾˌuː	audio	no	
विशेषताहरूको	b i s e s t̪ a ɦ ʌ r u k o	bˌɪseːstˌaːhəɾˈuːkoː	audio	no	
विश्वविदयालय	b i s w ʌ w i d̪ j a l ʌ j ʌ	bɪswəwˈɪdjˌaːləjˌə	audio	no	
विश्वासमाथि	b i s w a s m a t̪ʰ i	bɪswˈaːsmˌaːtʰɪ	audio	no	
विषय	b i s ʌ j	bˈɪsəj	owner	no	
विषयबारे	p r i j ʌ	pɾˌɪjˌə	owner	no	
विषयमा	b i s ʌ j m a	bˈɪsəjmˌaː	owner	no	[bisʌemä]
विषयलाई	b i s ʌ j l a i	bˌɪsəjlˈaːi	audio	no	
विषयसूचि	b i s ʌ j ʌ s u ts i	bˌɪsəjəsˈuːcɪ	owner	no	[bisʌesut͡si]
विषयसूची	b i s ʌ j ʌ s u ts i	bˌɪsəjəsˈuːci	owner	no	[bisʌesut͡si]
विषयहरू	b i s ʌ j ɦ ʌ r u	bˈɪsəjhˌəɾˌuː	audio	no	
विषयहरूलाई	b i s ʌ j ɦ ʌ r u l a i	bˌɪsəjhˌəɾuːlˈaːi	audio	no	
विषाणु	b i s a n u	bɪsˈaːnu	agree	no	[bisäɽ̃u]
वीर	b i r ʌ	bˈɪːɾˌə	audio	no	
वीरगन्ज	b i r ʌ g ʌ n dz	bˌɪːɾəɡˈʌnɟ	audio	no	
वीरेन्द्रनगर	b i r e n d̪ r ʌ n ʌ g ʌ r	bɪːɾˈeːndɾənˌəɡəɾ	agree	no	[biɾen̪d̪rʌnʌɡ̞ʌr]
वृश्चिक	b r i s ts i k	bɾˈɪscɪk	agree	no	[bɾist͡sik]
वेदना	b e d̪ ʌ n a	bˈeːdənˌaː	agree	no	[bed̪ʌnä]
वेब	w e b	wˈeːb	owner	yes	
वेबः	w e b ɦ	wˈeːbh	owner	no	
वेबअ्याप	w e b ʌ ʌ j a p	wˌeːbˈəˈəjaːp	owner	no	
वेबआरटीसी	w e b ʌ a r ʌ ʈ i s i	wˌeːbəˌaːɾəʈˈɪːsi	owner	yes	
वेबएम	w e b ʌ e m	wˌeːbəˈeːm	owner	no	
वेबएमडी	w e b ʌ e m ʌ ɖ i	wˌeːbəˈeːməɖˌiː	owner	yes	
वेबएसेम्बली	w e b ʌ e s e m b ʌ l i	wˌeːbəeːsˈeːmbəlˌiː	owner	yes	
वेबकमिक	w e b ʌ k ʌ m i k	wˈeːbəkˌəmɪk	owner	no	
वेबकमिकका	w e b ʌ k ʌ m i k k a	wˈeːbəkˌəmɪkkˌaː	owner	no	
वेबकमिकको	w e b ʌ k ʌ m i k k o	wˈeːbəkˌəmɪkkˌoː	owner	no	
वेबकमिकमा	w e b ʌ k ʌ m i k m a	wˈeːbəkˌəmɪkmˌaː	owner	no	
वेबकमिकलाई	w e b ʌ k ʌ m i k l a i	wˌeːbəkˌəmɪklˈaːi	owner	no	
वेबकमिकले	w e b ʌ k ʌ m i k l e	wˈeːbəkˌəmɪklˌeː	owner	no	
वेबकमिक्स	w e b ʌ k ʌ m i k s ʌ	wˌeːbəkəmˈɪksˌə	owner	yes	
वेबकमिक्सका	w e b ʌ k ʌ m i k s ʌ k a	wˌeːbəkəmˈɪksəkˌaː	owner	yes	
वेबकमिक्सको	w e b ʌ k ʌ m i k s ʌ k o	wˌeːbəkəmˈɪksəkˌoː	owner	yes	
वेबकमिक्समा	w e b ʌ k ʌ m i k s ʌ m a	wˌeːbəkəmˈɪksəmˌaː	owner	yes	
वेबकमिक्सहरू	w e b ʌ k ʌ m i k s ʌ ɦ ʌ r u	wˌeːbəkəmˈɪksəhˌəɾuː	owner	yes	
वेबकास्ट	w e b ʌ k a s ʈ ʌ	wˌeːbəkˈaːsʈˌə	owner	yes	
वेबकास्टको	w e b ʌ k a s ʈ ʌ k o	wˌeːbəkˈaːsʈəkˌoː	owner	yes	
वेबकास्टमा	w e b ʌ k a s ʈ ʌ m a	wˌeːbəkˈaːsʈəmˌaː	owner	yes	
वेबकास्टर	w e b ʌ k a s ʈ ʌ r	wˌeːbəkˈaːsʈəɾ	owner	no	
वेबकास्टहरू	w e b ʌ k a s ʈ ʌ ɦ ʌ r u	wˌeːbəkˈaːsʈəhˌəɾuː	owner	yes	
वेबकास्टिङ	w e b ʌ k a s ʈ i ŋ	wˌeːbəkˈaːsʈɪŋ	owner	yes	
वेबकिट	w e b ʌ k i ʈ	wˈeːbəkˌɪʈ	owner	yes	
वेबकैम	w e b ʌ k ʌi m	wˌeːbəkˈaim	owner	no	
वेबकॉमिक	w e b ʌ k ʌ m i k	wˌeːbəkˈʌmɪk	owner	no	
वेबकोर	w e b ʌ k o r	wˌeːbəkˈoːɾ	owner	no	
वेबक्ट	w e b ʌ k ʈ ʌ	weːbˈʌkʈˌə	owner	yes	
वेबक्याप	w e b ʌ k j a p	wˌeːbəkjˈaːp	owner	yes	
वेबक्याम	w e b ʌ k j a m	wˌeːbəkjˈaːm	owner	no	
वेबक्यामको	w e b ʌ k j a m k o	wˌeːbəkjˈaːmkˌoː	owner	no	
वेबक्याममा	w e b ʌ k j a m m a	wˌeːbəkjˈaːmmˌaː	owner	no	
वेबक्यामहरू	w e b ʌ k j a m ɦ ʌ r u	wˌeːbəkjˈaːmhˌəɾuː	owner	no	
वेबक्वेस्ट	w e b ʌ k w e s ʈ ʌ	wˌeːbəkwˈeːsʈˌə	owner	yes	
वेबजिन	w e b ʌ dz i n	wˈeːbəɟˌɪn	owner	yes	
वेबजिनका	w e b ʌ dz i n k a	wˈeːbəɟˌɪnkˌaː	owner	no	
वेबजिनको	w e b ʌ dz i n k o	wˈeːbəɟˌɪnkˌoː	owner	no	
वेबजिनले	w e b ʌ dz i n l e	wˈeːbəɟˌɪnlˌeː	owner	no	
वेबटिभी	w e b ʌ ʈ i bʱ i	wˈeːbəʈˌɪbʰi	owner	yes	
वेबटुन	w e b ʌ ʈ u n	wˈeːbəʈˌun	owner	yes	
वेबटून	w e b ʌ ʈ u n	wˌeːbəʈˈuːn	owner	yes	
वेबटूनको	w e b ʌ ʈ u n k o	wˌeːbəʈˈuːnkˌoː	owner	no	
वेबटूनमा	w e b ʌ ʈ u n m a	wˌeːbəʈˈuːnmˌaː	owner	no	
वेबडाभ	w e b ʌ ɖ a bʱ	wˌeːbəɖˈaːbʰ	owner	yes	
वेबडेन	w e b ʌ ɖ e n ʌ	wˌeːbəɖˈeːnˌə	owner	no	
वेबडेभ	w e b ʌ ɖ e bʱ	wˌeːbəɖˈeːbʰ	owner	yes	
वेबद्वारा	w e b ʌ d̪ w a r a	wˌeːbədwˈaːɾaː	owner	yes	
वेबपी	w e b ʌ p i	wˈeːbəpˌiː	owner	yes	
वेबपृष्ठ	w e b ʌ p r i s ʈʰ ʌ	wˌeːbəpɾˈɪsʈʰˌə	owner	yes	
वेबपृष्ठको	w e b ʌ p r i s ʈʰ ʌ k o	wˌeːbəpɾˈɪsʈʰˌəkoː	owner	yes	
वेबपृष्ठमा	w e b ʌ p r i s ʈʰ ʌ m a	wˌeːbəpɾˈɪsʈʰˌəmaː	owner	yes	
वेबपृष्ठले	w e b ʌ p r i s ʈʰ ʌ l e	wˌeːbəpɾˈɪsʈʰˌəleː	owner	yes	
वेबपृष्ठहरू	w e b ʌ p r i s ʈʰ ʌ ɦ ʌ r u	wˌeːbəpɾˈɪsʈʰˌəhəɾˌuː	owner	yes	
वेबपृष्ठहरूको	w e b ʌ p r i s ʈʰ ʌ ɦ ʌ r u k o	wˌeːbəpɾˈɪsʈʰˌəhəɾˌuːkoː	owner	yes	
वेबपृष्ठहरूमा	w e b ʌ p r i s ʈʰ ʌ ɦ ʌ r u m a	wˌeːbəpɾˈɪsʈʰˌəhəɾˌuːmaː	owner	yes	
वेबपेज	w e b ʌ p e dz	wˌeːbəpˈeːɟ	owner	yes	
वेबपेजका	w e b ʌ p e dz k a	wˌeːbəpˈeːɟkˌaː	owner	no	
वेबपेजको	w e b ʌ p e dz k o	wˌeːbəpˈeːɟkˌoː	owner	no	
वेबपेजबाट	w e b ʌ p e dz b a ʈ ʌ	wˌeːbəpˌeːɟbˈaːʈˌə	owner	no	
वेबपेजमा	w e b ʌ p e dz m a	wˌeːbəpˈeːɟmˌaː	owner	no	
वेबपेजले	w e b ʌ p e dz l e	wˌeːbəpˈeːɟlˌeː	owner	no	
वेबपेजहरू	w e b ʌ p e dz ɦ ʌ r u	wˌeːbəpˈeːɟhˌəɾuː	owner	no	
वेबफुट	w e b ʌ pʰ u ʈ	wˈeːbəpʰˌuʈ	owner	yes	
वेबब	w e b ʌ b	wˈeːbəb	owner	yes	
वेबबजेक्ट्स	w e b ʌ b ʌ dz e k ʈ s ʌ	wˌeːbəbəɟˈeːkʈsˌə	owner	yes	
वेबबिङ	w e b ʌ b i ŋ	wˈeːbəbˌɪŋ	owner	yes	
वेबबिङको	w e b ʌ b i ŋ k o	wˈeːbəbˌɪŋkˌoː	owner	no	
वेबबी	w e b ʌ b i	wˈeːbəbˌiː	owner	yes	
वेबबीः	w e b ʌ b i ɦ	wˌeːbəbˈɪːh	owner	yes	
वेबबे	w e b ʌ b e	wˈeːbəbˌeː	owner	yes	
वेबबेड	w e b ʌ b e ɖ	wˌeːbəbˈeːɖ	owner	yes	
वेबब्जेक्टहरू	w e b ʌ b dz e k ʈ ʌ ɦ ʌ r u	wˌeːbəbɟˈeːkʈəhˌəɾuː	owner	yes	
वेबब्जेक्ट्स	w e b ʌ b dz e k ʈ s ʌ	wˌeːbəbɟˈeːkʈsˌə	owner	yes	
वेबभरि	w e b ʌ bʱ ʌ r i	wˈeːbəbʰˌəɾɪ	owner	yes	
वेबमास्टर	w e b ʌ m a s ʈ ʌ r	wˌeːbəmˈaːsʈəɾ	owner	no	
वेबमास्टरको	w e b ʌ m a s ʈ ʌ r k o	wˌeːbəmˈaːsʈəɾkˌoː	owner	no	
वेबमास्टरले	w e b ʌ m a s ʈ ʌ r l e	wˌeːbəmˈaːsʈəɾlˌeː	owner	no	
वेबमास्टरहरूलाई	w e b ʌ m a s ʈ ʌ r ɦ ʌ r u l a i	wˌeːbəmˈaːsʈəɾhˌəɾˌuːlaːˌiː	owner	no	
वेबमास्टरहरूले	w e b ʌ m a s ʈ ʌ r ɦ ʌ r u l e	wˌeːbəmˈaːsʈəɾhˌəɾˌuːleː	owner	no	
वेबमेट्रिक्स	w e b ʌ m e ʈ r i k s ʌ	wˌeːbəmeːʈɾˈɪksˌə	owner	yes	
वेबमेल	w e b ʌ m e l	wˌeːbəmˈeːl	owner	yes	
वेबर	w e b ʌ r	wˈeːbəɾ	owner	no	
वेबरः	w e b ʌ r ɦ	wˈeːbəɾh	owner	no	
वेबरका	w e b ʌ r k a	wˈeːbəɾkˌaː	owner	no	
वेबरकी	w e b ʌ r k i	wˈeːbəɾkˌi	owner	no	
वेबरको	w e b ʌ r k o	wˈeːbəɾkˌoː	owner	no	
वेबरद्वारा	w e b ʌ r ʌ d̪ w a r a	wˌeːbəɾədwˈaːɾaː	owner	yes	
वेबरबाट	w e b ʌ r b a ʈ ʌ	wˌeːbəɾbˈaːʈˌə	owner	no	
वेबरभन्दा	w e b ʌ r bʱ ʌ n d̪ a	wˌeːbəɾbʰˈʌndaː	owner	no	
वेबरमा	w e b ʌ r m a	wˈeːbəɾmˌaː	owner	no	
वेबरलाई	w e b ʌ r l a i	wˌeːbəɾlˈaːi	owner	no	
वेबरले	w e b ʌ r l e	wˈeːbəɾlˌeː	owner	no	
वेबरसँग	w e b ʌ r s ʌ̃ g ʌ	wˌeːbəɾsˈʌ̃ɡˌə	owner	no	
वेबरहरू	w e b ʌ r ɦ ʌ r u	wˈeːbəɾhˌəɾˌuː	owner	no	
वेबर्न	w e b ʌ r n ʌ	weːbˈʌɾnˌə	owner	no	
वेबर्नका	w e b ʌ r n ʌ k a	weːbˈʌɾnəkˌaː	owner	no	
वेबर्नको	w e b ʌ r n ʌ k o	weːbˈʌɾnəkˌoː	owner	no	
वेबर्नमा	w e b ʌ r n ʌ m a	weːbˈʌɾnəmˌaː	owner	no	
वेबर्नले	w e b ʌ r n ʌ l e	weːbˈʌɾnəlˌeː	owner	no	
वेबल	w e b ʌ l	wˈeːbəl	owner	yes	
वेबलग	w e b ʌ l ʌ g	wˈeːbəlˌəɡ	owner	yes	
वेबलगमा	w e b ʌ l ʌ g m a	wˈeːbəlˌəɡmˌaː	owner	no	
वेबलगहरू	w e b ʌ l ʌ g ɦ ʌ r u	wˈeːbəlˌəɡhˌəɾuː	owner	no	
वेबवर्म	w e b ʌ w ʌ r m ʌ	wˌeːbəwˈʌɾmˌə	owner	no	
वेबस	w e b ʌ s	wˈeːbəs	owner	yes	
वेबसाइट	w e b s a i ʈ	wˌeːbsˈaːɪʈ	owner	no	
वेबसाइटः	w e b ʌ s a i ʈ ɦ	wˌeːbəsˈaːɪʈh	owner	no	
वेबसाइटअनुसार	w e b ʌ s a i ʈ ʌ ʌ n u s a r	wˌeːbəsˌaːɪʈˈəənusˌaːɾ	owner	no	
वेबसाइटका	w e b s a i ʈ k a	wˌeːbsˈaːɪʈkˌaː	owner	no	
वेबसाइटको	w e b s a i ʈ k o	wˌeːbsˈaːɪʈkˌoː	owner	no	
वेबसाइटद्वारा	w e b ʌ s a i ʈ ʌ d̪ w a r a	wˌeːbəsˌaːɪʈədwˈaːɾaː	owner	yes	
वेबसाइटबाट	w e b s a i ʈ b a ʈ ʌ	wˌeːbsˌaːɪʈbˈaːʈˌə	owner	no	
वेबसाइटबाटः	w e b ʌ s a i ʈ ʌ b a ʈ ɦ	wˌeːbəsˌaːɪʈəbˈaːʈh	owner	no	
वेबसाइटभित्र	w e b ʌ s a i ʈ ʌ bʱ i t̪ r ʌ	wˌeːbəsˌaːɪʈəbʰˈɪtɾˌə	owner	yes	
वेबसाइटमा	w e b s a i ʈ m a	wˌeːbsˈaːɪʈmˌaː	owner	no	
वेबसाइटमार्फत	w e b ʌ s a i ʈ ʌ m a r pʰ ʌ t̪	wˌeːbəsˌaːɪʈəmˈaːɾpʰət	owner	no	
वेबसाइटलाई	w e b s a i ʈ l a i	wˌeːbsˌaːɪʈlˈaːi	owner	no	
वेबसाइटले	w e b s a i ʈ l e	wˌeːbsˈaːɪʈlˌeː	owner	no	
वेबसाइटसहित	w e b ʌ s a i ʈ ʌ s ʌ ɦ i t̪	wˌeːbəsˈaːɪʈˌəsəhˌɪt	owner	yes	
वेबसाइटहरु	w e b s a i ʈ ʌ ɦ ʌ r u	wˌeːbsˈaːɪʈˌəhəɾˌu	owner	no	
वेबसाइटहरूः	w e b ʌ s a i ʈ ʌ ɦ ʌ r u ɦ	wˌeːbəsˌaːɪʈˌəhəɾˈuːh	owner	yes	
वेबसाइटहरूद्वारा	w e b ʌ s a i ʈ ʌ ɦ ʌ r u d̪ w a r a	wˌeːbəsˌaːɪʈˌəhəɾuːdwˈaːɾaː	owner	yes	
वेबसेसन	w e b ʌ s e s ʌ n	wˌeːbəsˈeːsən	owner	yes	
वेबसोडहरू	w e b ʌ s o ɖ ɦ ʌ r u	wˌeːbəsˈoːɖhˌəɾuː	owner	no	
वेबसोडहरूको	w e b ʌ s o ɖ ɦ ʌ r u k o	wˌeːbəsˌoːɖhəɾˈuːkoː	owner	no	
वेबसोडहरूमा	w e b ʌ s o ɖ ɦ ʌ r u m a	wˌeːbəsˌoːɖhəɾˈuːmaː	owner	no	
वेबसोड्स	w e b ʌ s o ɖ s ʌ	wˌeːbəsˈoːɖsˌə	owner	yes	
वेबस्टर	w e b ʌ s ʈ ʌ r	weːbˈʌsʈəɾ	owner	no	
वेबस्टरः	w e b ʌ s ʈ ʌ r ɦ	weːbˈʌsʈəɾh	owner	no	
वेबस्टरका	w e b ʌ s ʈ ʌ r k a	weːbˈʌsʈəɾkˌaː	owner	no	
वेबस्टरकी	w e b ʌ s ʈ ʌ r k i	weːbˈʌsʈəɾkˌi	owner	no	
वेबस्टरको	w e b ʌ s ʈ ʌ r k o	weːbˈʌsʈəɾkˌoː	owner	no	
वेबस्टरद्वारा	w e b ʌ s ʈ ʌ r ʌ d̪ w a r a	wˌeːbəsʈˌəɾədwˈaːɾaː	owner	yes	
वेबस्टरबाट	w e b ʌ s ʈ ʌ r b a ʈ ʌ	wˌeːbəsʈˌəɾbˈaːʈˌə	owner	no	
वेबस्टरमा	w e b ʌ s ʈ ʌ r m a	weːbˈʌsʈəɾmˌaː	owner	no	
वेबस्टरलाई	w e b ʌ s ʈ ʌ r l a i	wˌeːbəsʈˌəɾlˈaːi	owner	no	
वेबस्टरले	w e b ʌ s ʈ ʌ r l e	weːbˈʌsʈəɾlˌeː	owner	no	
वेबस्टरसँग	w e b ʌ s ʈ ʌ r s ʌ̃ g ʌ	wˌeːbəsʈˌəɾsˈʌ̃ɡˌə	owner	no	
वेबस्टोर	w e b ʌ s ʈ o r	wˌeːbəsʈˈoːɾ	owner	no	
वेबस्टोरमा	w e b ʌ s ʈ o r m a	wˌeːbəsʈˈoːɾmˌaː	owner	no	
वेबस्ट्रीम	w e b ʌ s ʈ r i m	wˌeːbəsʈɾˈɪːm	owner	no	
वेबस्फेयर	w e b ʌ s pʰ e j ʌ r	wˌeːbəspʰˈeːjəɾ	owner	no	
वेबाट	w e b a ʈ	weːbˈaːʈ	owner	yes	
वेबिङ	w e b i ŋ	wˈeːbɪŋ	owner	yes	
वेबिङको	w e b i ŋ k o	wˈeːbɪŋkˌoː	owner	no	
वेबिट	w e b i ʈ	wˈeːbɪʈ	owner	yes	
वेबिनार	w e b i n a r	wˌeːbɪnˈaːɾ	owner	no	
वेबिनारमा	w e b i n a r m a	wˌeːbɪnˈaːɾmˌaː	owner	no	
वेबिनारहरू	w e b i n a r ɦ ʌ r u	wˌeːbɪnˈaːɾhˌəɾuː	owner	no	
वेबिनारहरूको	w e b i n a r ɦ ʌ r u k o	wˌeːbɪnˌaːɾhəɾˈuːkoː	owner	no	
वेबिल	w e b i l	wˈeːbɪl	owner	yes	
वेबिलहरू	w e b i l ɦ ʌ r u	wˈeːbɪlhˌəɾˌuː	owner	no	
वेबी	w e b i	wˈeːbi	owner	yes	
वेबुल	w e b u l	wˈeːbul	owner	yes	
वेबे	w e b e	wˈeːbeː	owner	yes	
वेबेक्स	w e b e k s ʌ	weːbˈeːksˌə	owner	yes	
वेबेरियन	w e b e r i j ʌ n	weːbˈeːɾɪjˌən	owner	yes	
वेबेरी	w e b e r i	weːbˈeːɾi	owner	yes	
वेबेल	w e b e l	weːbˈeːl	owner	yes	
वेबेले	w e b e l e	weːbˈeːleː	owner	yes	
वेबेलोस	w e b e l o s	wˌeːbeːlˈoːs	owner	yes	
वेबोज	w e b o dz	weːbˈoːɟ	owner	yes	
वेबोर्न	w e b o r n ʌ	weːbˈoːɾnˌə	owner	no	
वेबोस	w e b o s	weːbˈoːs	owner	yes	
वेब्ड	w e b ɖ ʌ	wˈeːbɖˌə	owner	yes	
वेब्याक	w e b j a k	wˈeːbjaːk	owner	no	
वेब्रिज	w e b r i dz	wˈeːbɾɪɟ	owner	yes	
वेब्ली	w e b l i	wˈeːbli	owner	yes	
वेब्लीले	w e b l i l e	wˈeːblɪːlˌeː	owner	yes	
वेब्ले	w e b l e	wˈeːbleː	owner	yes	
वेब्स्टर	w e b s ʈ ʌ r	wˈeːbsʈəɾ	owner	no	
वेलनेस	w e l ʌ n e s	wˌeːlənˈeːs	owner	yes	
वेलनेसले	w e l ʌ n e s ʌ l e	wˌeːlənˈeːsəlˌeː	owner	yes	
वेलिङ्टन	w e l i ŋ ʈ ʌ n	weːlˈɪŋʈən	owner	yes	
वेल्स	w e l s ʌ	wˈeːlsˌə	owner	yes	
वेल्सः	w e l s ʌ ɦ	wˈeːlsəh	owner	yes	
वेल्सद्वारा	w e l s ʌ d̪ w a r a	wˌeːlsədwˈaːɾaː	owner	yes	
वेल्सपुल	w e l s ʌ p u l	wˈeːlsəpˌul	owner	yes	
वेल्सपुलको	w e l s ʌ p u l k o	wˈeːlsəpˌulkˌoː	owner	no	
वेल्सपुलमा	w e l s ʌ p u l m a	wˈeːlsəpˌulmˌaː	owner	no	
वेल्सफोर्ड	w e l s ʌ pʰ o r ɖ ʌ	wˌeːlsəpʰˈoːɾɖˌə	owner	no	
वेल्सबर्ग	w e l s ʌ b ʌ r g ʌ	wˌeːlsəbˈʌɾɡˌə	owner	no	
वेल्सबाख	w e l s ʌ b a kʰ	wˈeːlsəbˌaːkʰ	owner	yes	
वेल्सबिच	w e l s ʌ b i ts	wˈeːlsəbˌɪc	owner	yes	
वेल्सबिचको	w e l s ʌ b i ts k o	wˈeːlsəbˌɪckˌoː	owner	no	
वेल्सबी	w e l s ʌ b i	wˈeːlsəbˌiː	owner	yes	
वेल्सबीले	w e l s ʌ b i l e	wˈeːlsəbˌɪːleː	owner	yes	
वेल्सबोरो	w e l s ʌ b o r o	wˈeːlsəbˌoːɾoː	owner	yes	
वेल्सबोर्न	w e l s ʌ b o r n ʌ	wˌeːlsəbˈoːɾnˌə	owner	no	
वेल्सभरि	w e l s ʌ bʱ ʌ r i	wˈeːlsəbʰˌəɾɪ	owner	yes	
वेल्सभित्र	w e l s ʌ bʱ i t̪ r ʌ	wˌeːlsəbʰˈɪtɾˌə	owner	yes	
वेल्सभिल	w e l s ʌ bʱ i l	wˈeːlsəbʰˌɪl	owner	yes	
वेल्सभिलको	w e l s ʌ bʱ i l k o	wˈeːlsəbʰˌɪlkˌoː	owner	no	
वेल्सभिलमा	w e l s ʌ bʱ i l m a	wˈeːlsəbʰˌɪlmˌaː	owner	no	
वेल्समाथि	w e l s ʌ m a t̪ʰ i	wˈeːlsəmˌaːtʰɪ	owner	yes	
वेल्सम्यान	w e l s ʌ m j a n	wˈeːlsəmjˌaːn	owner	no	
वेल्सर	w e l s ʌ r	wˈeːlsəɾ	owner	no	
वेल्सली	w e l s ʌ l i	wˈeːlsəlˌiː	owner	yes	
वेल्सवर्थ	w e l s ʌ w ʌ r t̪ʰ ʌ	wˌeːlsəwˈʌɾtʰˌə	owner	no	
वेल्सविरुद्ध	w e l s ʌ w i r u d̪ d̪ʱ ʌ	wˌeːlsəwˌɪɾˈuddʰˌə	owner	yes	
वेल्ससहित	w e l s ʌ s ʌ ɦ i t̪	wˈeːlsəsˌəhɪt	owner	yes	
वेल्सेर	w e l s e r ʌ	wˈeːlseːɾˌə	owner	yes	
वेल्स्ली	w e l s l i	wˈeːlsli	owner	yes	
वेल्स्लीको	w e l s l i k o	wˈeːlslɪːkˌoː	owner	yes	
वेल्स्लीले	w e l s l i l e	wˈeːlslɪːlˌeː	owner	yes	
वेल्स्ले	w e l s l e	wˈeːlsleː	owner	yes	
वेवसाइट	b e w s a i ʈ	bˌeːwsˈaːɪʈ	audio	no	
वेस्टमिनिस्टर	w e s ʈ ʌ m i n i s ʈ ʌ r	wˈeːsʈəmˌɪnɪsʈˌəɾ	owner	no	
वेस्टर्न	w e s ʈ ʌ r n ʌ	weːsʈˈʌɾnˌə	owner	no	
वेस्टर्नद्वारा	w e s ʈ ʌ r n ʌ d̪ w a r a	wˌeːsʈəɾnədwˈaːɾaː	owner	no	
वेस्टर्नपोर्ट	w e s ʈ ʌ r n ʌ p o r ʈ ʌ	wˌeːsʈəɾnəpˈoːɾʈˌə	owner	no	
वेस्टर्नर्स	w e s ʈ ʌ r n ʌ r s ʌ	wˌeːsʈəɾnˈʌɾsˌə	owner	no	
वेस्टर्नहेगन	w e s ʈ ʌ r n ʌ ɦ e g ʌ n	wˈeːsʈəɾnˌəheːɡˌən	owner	no	
वैद्यको	b ʌi d̪ j k o	bˈaidjkˌoː	audio	no	
वैध	b ʌi d̪ʱ ʌ	bˈaidʰˌə	audio	no	
वैशाख	b ʌi s a kʰ	baisˈaːkʰ	agree	no	[bʌi̯säk̞ʰ]
व्यवसाय	b j ʌ w ʌ s a j	bjˌəwəsˈaːj	audio	no	
व्यवसायका	b j ʌ w ʌ s a j k a	bjˌəwəsˈaːjkˌaː	audio	no	
व्यवसायको	b j ʌ w ʌ s a j k o	bjˌəwəsˈaːjkˌoː	audio	no	
व्यवसायबारे	b j ʌ w s a j ʌ b a r e	bjˌəwsˌaːjəbˈaːɾeː	audio	no	
व्यवसायमा	b j ʌ w ʌ s a j m a	bjˌəwəsˈaːjmˌaː	audio	no	
व्यवसायलाई	b j ʌ w ʌ s a j l a i	bjˌəwəsˌaːjlˈaːi	audio	no	
व्यवस्थापनकै	b j ʌ w ʌ s t̪ʰ a p ʌ n k ʌi	bjˌəwəstʰˈaːpənkˌai	audio	no	
व्यापरघाटा	b j a p ʌ r gʱ a ʈ a	bjˌaːpəɾɡʰˈaːʈaː	audio	no	
व्यापार	b j a p a r	bjaːpˈaːɾ	agree	no	[bjäpär] / [bepär]
व्यापारघाटा	b j a p a r gʱ a ʈ a	bjˌaːpaːɾɡʰˈaːʈaː	audio	no	
शंकरदेव	s ʌ ŋ k ʌ r d̪ e w	sˌəŋkəɾdˈeːw	audio	no	
शनिबार	s ʌ n i b a r	sˌənɪbˈaːɾ	agree	no	[sʌnibär]
शब्दकोश	s ʌ b d̪ ʌ k o s	sˌəbdəkˈoːs	agree	yes	[sʌb̚d̪ʌkos]
शब्दकोष	s ʌ b d̪ ʌ k o s	sˌəbdəkˈoːs	agree	yes	[sʌb̚d̪ʌkos]
शमशेर	s ʌ m s e r ʌ	sˌəmsˈeːɾˌə	audio	no	
शरणार्थीको	s ʌ r n a r t̪ʰ i k o	sˌəɾnˈaːɾtʰɪːkˌoː	audio	no	
शरद	s ʌ r ʌ d̪	sˈʌɾəd	agree	yes	[sʌɾʌd̪]
शवहरूको	s ʌ w ʌ ɦ ʌ r u k o	sˌəwəhəɾˈuːkoː	audio	yes	
शाक्यले	s a k j l e	sˈaːkjlˌeː	audio	no	
शान्त	s a n t̪ ʌ	sˈaːntˌə	agree	yes	[sän̪t̪ʌ]
शासनकालमा	s a s ʌ n k a l m a	sˌaːsənkˈaːlmˌaː	audio	no	
शास्त्र	s a s t̪ r ʌ	sˈaːstɾˌə	agree	yes	[säst̪rʌ]
शिकार	s i k a r	sɪkˈaːɾ	agree	no	[sikär]
शिकारी	s i k a r i	sɪkˈaːɾi	agree	yes	[sikäɾi]
शिक्षकशिक्षिकाले	s i k tsʰ ʌ k s i k tsʰ i k a l e	sˌɪkʂəksˌɪkʂɪkˈaːleː	audio	no	
शिक्षण	s i k tsʰ ʌ n ʌ	sˈɪkʂənˌə	owner	no	
शिव	s i w ʌ	sˈɪwˌə	owner	yes	
शिशिर	s i s i r	sˈɪsɪɾ	owner	no	[sisiɾʌ]
शुक्रबार	s u k r ʌ b a r	sˌukɾəbˈaːɾ	agree	no	[sukrʌbär]
शुभ	s u bʱ ʌ	sˈubʰˌə	owner	no	/subʱʌ/
शुभकामना	s u bʱ ʌ k a m ʌ n a	sˌubʰəkˈaːmənˌaː	agree	yes	[subʱʌkämʌnä]
शेखर	s e kʰ ʌ r ʌ	sˈeːkʰəɾˌə	audio	yes	
शौचालय	s ʌu ts a l ʌ j	sʌucˈaːləj	audio	no	[sʌu̯t͡sälʌe]
शौचालयको	s ʌu ts a l ʌ j k o	sʌucˈaːləjkˌoː	audio	no	
श्यामसुन्दर	s j a m s u n d̪ ʌ r	sjˌaːmsˈundəɾ	audio	no	
श्रावण	s r a w ʌ n	sɾˈaːwən	agree	yes	[sräu̯ʌɽ̃] / [sräwʌɽ̃]
श्रीमती	s r i m ʌ t̪ i	sɾˈɪːmətˌiː	agree	yes	[srimʌt̪i]
श्रीमान्	s r i m a n	sɾɪːmˈaːn	agree	yes	[srimän]
श्रेणी	s r e n i	sɾˈeːni	agree	yes	[sreɽ̃i]
श्रेष्ठ	s r e s ʈʰ ʌ	sɾˈeːsʈʰˌə	agree	yes	[sres̠t̠ʰʌ]
षष्ठी	s ʌ s ʈʰ i	sˈʌsʈʰˌiː	agree	yes	[sʌs̠t̠ʰi] / [kʰʌs̠t̠ʰi]
सँग	s ʌ̃ g ʌ	sˈʌ̃ɡˌə	agree	no	[sʌŋɡʌ] / [sʌ̃.ɡʌ] / [sʌ.ŋʌ]
संकटकै	s ʌ ŋ k ʌ ʈ k ʌi	sˈʌŋkəʈkˌai	audio	no	
संग	s ʌ ŋ g ʌ	sˈʌŋɡˌə	agree	no	[sʌŋɡʌ]
संगठनबारे	s ʌ ŋ g ʌ ʈʰ ʌ n b a r e	sˌəŋɡəʈʰˌənbˈaːɾeː	audio	no	
संगति	s ʌ ŋ g ʌ t̪ i	sˈʌŋɡətˌɪ	agree	yes	[sʌŋɡʌt̪i]
संगीत	s ʌ ŋ g i t̪	səŋɡˈɪːt	agree	yes	[sʌŋɡit̪]
संगीतकार	s ʌ ŋ g i t̪ k a r	sˌəŋɡɪːtkˈaːɾ	owner	no	
संग्रहालयको	s ʌ ŋ g r ʌ ɦ a l ʌ j k o	sˌəŋɡɾəhˈaːləjkˌoː	audio	no	
संग्रहालयभित्र	s ʌ ŋ g r ʌ ɦ a l ʌ j bʱ i t̪ r ʌ	sˌəŋɡɾəhˌaːləjbʰˈɪtɾˌə	audio	no	
संग्रहालयभित्रको	s ʌ ŋ g r ʌ ɦ a l ʌ j bʱ i t̪ r ʌ k o	sˌəŋɡɾəhˌaːləjbʰˈɪtɾəkˌoː	audio	no	
संघ	s ʌ ŋ gʱ	sˈʌŋɡʰ	audio	yes	
संघका	s ʌ ŋ gʱ k a	sˈʌŋɡʰkˌaː	audio	no	
संघको	s ʌ ŋ gʱ k o	sˈʌŋɡʰkˌoː	audio	no	
संघमै	s ʌ ŋ gʱ m ʌi	sˈʌŋɡʰmˌai	audio	no	
संघले	s ʌ ŋ gʱ l e	sˈʌŋɡʰlˌeː	audio	no	
संदर्भ	s ʌ n d̪ ʌ r bʱ ʌ	səndˈʌɾbʰˌə	agree	no	[sʌn̪d̪ʌrbʱʌ̤]
संवाद	s ʌ m b a d̪	səmbˈaːd	agree	no	[sʌmbäd̪]
संविधानको	s ʌ m b i d̪ʱ a n ʌ k o	səmbˈɪdʰaːnˌəkoː	audio	no	
संविधानसम्मत	s ʌ m b i d̪ʱ a n ʌ s ʌ m m ʌ t̪ ʌ	səmbˈɪdʰaːnˌəsəmmˌətˌə	audio	no	
संवेदनशील	s ʌ m b e d̪ ʌ n s i l	səmbˈeːdənsˌɪːl	audio	no	
संसदकै	s ʌ̃ s ʌ d̪ k ʌi	sˈʌ̃sədkˌai	audio	no	
संसदभित्रको	s ʌ̃ s ʌ d̪ bʱ i t̪ r ʌ k o	sˌʌ̃sədbʰˈɪtɾəkˌoː	audio	no	
संसदमै	s ʌ̃ s ʌ d̪ m ʌi	sˈʌ̃sədmˌai	audio	no	
संस्कृत	s ʌ̃ s k r i t̪	sʌ̃skɾˈɪt	agree	no	[sʌnskɾit̪] / [sʌ̃skɾit̪]
संस्कृति	s ʌ̃ s k r i t̪ i	sʌ̃skɾˈɪtɪ	agree	no	[sʌnskɾit̪i] / [sʌ̃skɾit̪i]
संस्था	s ʌ̃ s t̪ʰ a	sˈʌ̃stʰaː	agree	no	[sʌnst̪ʰä] / [sʌ̃st̪ʰä]
सकिइरहेकी	s ʌ k i i r ɦ e k i	sˌəkɪˌɪɾhˈeːki	audio	no	
सकिन	s ʌ k i n ʌ	sˈʌkɪnˌə	audio	no	
सकिनसकी	s ʌ k i n ʌ s ʌ k i	sˈʌkɪnˌəsəkˌiː	audio	yes	
सकिन्छ	s ʌ k i n tsʰ ʌ	səkˈɪncʰˌə	agree	yes	[sʌkin̻t͡sʰʌ]
सकिरहेका	s ʌ k i r ɦ e k a	sˌəkɪɾhˈeːkaː	audio	no	
सक्छ	s ʌ k tsʰ ʌ	sˈʌkcʰˌə	agree	yes	[sʌkt͡sʰʌ]
सक्नु	s ʌ k n u	sˈʌknˌu	agree	no	[sʌknu]
सक्षमता	s ʌ k tsʰ ʌ m t̪ a	sˈʌkʂəmtˌaː	audio	no	
सखर	s ʌ kʰ ʌ r	sˈʌkʰəɾ	agree	no	[sʌk̞ʰʌr]
सगरमाथा	s ʌ g ʌ r m a t̪ʰ a	sˌəɡəɾmˈaːtʰaː	owner	no	[sʌɡ̞ʌrmät̪ʰä]
सगरमाथाको	s ʌ g ʌ r m a t̪ʰ a k o	sˌəɡəɾmˌaːtʰˈaːkoː	audio	no	
सङ्गति	s ʌ ŋ g ʌ t̪ i	sˈʌŋɡətˌɪ	agree	yes	[sʌŋɡʌt̪i]
सङ्घ	s ʌ ŋ gʱ	sˈʌŋɡʰ	audio	no	
सङ्घका	s ʌ ŋ gʱ k a	sˈʌŋɡʰkˌaː	audio	no	
सङ्घमा	s ʌ ŋ gʱ m a	sˈʌŋɡʰmˌaː	audio	no	
सङ्घले	s ʌ ŋ gʱ l e	sˈʌŋɡʰlˌeː	audio	no	
सचिवालयका	s ʌ ts i w a l ʌ j k a	sˌəcɪwˈaːləjkˌaː	audio	no	
सचिवालयमा	s ʌ ts i w a l ʌ j m a	sˌəcɪwˈaːləjmˌaː	audio	no	
सचिवालयले	s ʌ ts i w a l ʌ j l e	sˌəcɪwˈaːləjlˌeː	audio	no	
सजाउनु	s ʌ dz a u n u	səɟˈaːʊnˌu	agree	yes	[sʌ(d)zäu̯nu]
सजाय	s ʌ dz a j	səɟˈaːj	audio	no	
सजिलो	s ʌ dz i l o	sˈʌɟɪlˌoː	agree	yes	[sʌ(d)zilo]
सञ्चारमाध्यमका	s ʌ n ts a r m a d̪ʱ j ʌ m k a	sˌəncaːɾmˈaːdʰjəmkˌaː	audio	no	
सञ्चालनताका	s ʌ n ts a l ʌ n t̪ a k a	sˌəncaːlˌəntˈaːkaː	audio	no	
सञ्जय	s ʌ n dz ʌ j	sˈʌnɟəj	audio	no	
सञ्जालमार्फत	s ʌ n dz a l m a r pʰ ʌ t̪	sˌənɟaːlmˈaːɾpʰət	audio	no	
सञ्जालहरूमा	s ʌ n dz a l ʌ ɦ ʌ r u m a	sˌənɟaːlˌəhəɾˈuːmaː	audio	yes	
सडक	s ʌ ɖ ʌ k	sˈʌɖək	agree	no	[sʌɽʌk] / [sʌɾʌk]
सडककेन्द्रित	s ʌ ɖ ʌ k k e n d̪ r i t̪	sˌəɖəkkˈeːndɾɪt	audio	no	
सड्नु	s ʌ ɖ n u	sˈʌɖnˌu	agree	no	[sʌɽɳu]
सड्सठ्ठी	s ʌ ɖ s ʌ ʈʰ ʈʰ i	səɖsˈʌʈʰʈʰˌiː	agree	no	[sʌɽsʌʈʰʈʰi]
सतचालीस	s ʌ t̪ ts a l i s	sˌətcaːlˈɪːs	audio	no	[sʌt̪t͡sälis]
सतसट्ठी	s ʌ t̪ ʌ s ʌ ʈ ʈʰ i	sˌətəsˈʌʈʈʰˌiː	agree	yes	[sʌt̪ʌsʌʈ̚ʈʰi]
सतासी	s ʌ t̪ a s i	sətˈaːsi	agree	yes	[sʌt̪äsi]
सत्तरी	s ʌ t̪ t̪ ʌ r i	sˈʌttˌəɾi	agree	yes	[sʌt̪̚t̪ʌɾi]
सत्ताईस	s ʌ t̪ t̪ a i s	səttˌaːˈɪːs	agree	yes	[sʌt̪̚t̪äi̯s]
सत्य	s ʌ t̪ j	sˈʌtj	audio	no	
सत्र	s ʌ t̪ r ʌ	sˈʌtɾˌə	owner	yes	[sʌt̪rʌ]
सदभाव	s ʌ d̪ bʱ a w	sˌədbʰˈaːw	audio	no	
सदरमुकामका	s ʌ d̪ ʌ r m u k a m k a	sˌədəɾmˌukˈaːmkˌaː	audio	no	
सदस्यहरू	s ʌ d̪ ʌ s j ɦ ʌ r u	sədˈʌsjhˌəɾuː	audio	no	
सनराइज	s ʌ n r a i dz	sˌənɾˈaːɪɟ	audio	no	
सन्	s ʌ n	sˈʌn	agree	yes	[sʌn]
सन्चै	s ʌ n ts ʌi	sˈʌncai	agree	yes	[sʌn̻t͡sʌi̯]
सन्ताउन्न	s ʌ n t̪ a u n n ʌ	sˌəntaːˈʊnnˌə	agree	yes	[sʌn̪t̪äu̯nːʌ]
सन्तानको	s ʌ n t̪ a n ʌ k o	səntˈaːnəkˌoː	audio	yes	
सन्तानब्बे	s ʌ n t̪ a n ʌ b b e	sˌəntaːnˈʌbbeː	agree	yes	[sʌn̪t̪änʌb̚be]
सन्देश	s ʌ n d̪ e s	səndˈeːs	agree	yes	[sʌn̪d̪es]
सन्धिखर्क	s ʌ n d̪ʱ i kʰ ʌ r k ʌ	sˌəndʰɪkʰˈʌɾkˌə	agree	no	[sʌn̪d̪ʱi̤k̞ʰʌrkʌ]
सपना	s ʌ p ʌ n a	sˈʌpənˌaː	agree	yes	[sʌpʌnä]
सपोर्ट	s ʌ p o r ʈ	səpˈoːɾʈ	audio	no	
सप्लायर्स	s ʌ p l a j ʌ r s	sˌəplaːjˈʌɾs	audio	no	
सफलता	s ʌ pʰ ʌ l t̪ a	sˈʌpʰəltˌaː	audio	no	
सफा	s ʌ pʰ a	sˈʌpʰaː	agree	yes	[sʌɸä]
सफ्ट	s ʌ pʰ ʈ	sˈʌpʰʈ	audio	no	
सब	s ʌ b	sˈʌb	agree	yes	[sʌb]
सबथोक	s ʌ b t̪ʰ o k	sˌəbtʰˈoːk	audio	no	
सबै	s ʌ b ʌi	sˈʌbai	agree	yes	[sʌbʌi̯]
सबैको	s ʌ b ʌi k o	səbˈaikoː	agree	yes	[sʌbʌi̯ko]
सब्जी	s ʌ b dz i	sˈʌbɟi	agree	yes	[sʌbd͡zi]
सब्जेक्टमा	s ʌ b dz e k ʈ m a	səbɟˈeːkʈmˌaː	audio	no	
समझदारी	s ʌ m ʌ dzʱ d̪ a r i	sˌəməɟʰdˈaːɾi	audio	no	
समझदारीबीच	s ʌ m ʌ dzʱ d̪ a r i b i ts	sˌəməɟʰdˌaːɾɪːbˈɪːc	audio	no	
समथिङ	s ʌ m t̪ʰ i ŋ	sˈʌmtʰˌɪŋ	audio	no	
समन्वय	s ʌ m ʌ n w ʌ j	sˌəmənwˈəj	audio	no	
समय	s ʌ m ʌ j	sˈʌməj	owner	no	[sʌmʌe]
समयका	s ʌ m ʌ j k a	sˈʌməjkˌaː	audio	no	
समयको	s ʌ m ʌ j k o	sˈʌməjkˌoː	audio	no	
समयदेखि	s ʌ m ʌ j d̪ e kʰ i	sˌəməjdˈeːkʰɪ	audio	no	
समयदेखिको	s ʌ m ʌ j d̪ e kʰ i k o	sˌəməjdˈeːkʰɪkˌoː	audio	no	
समयभन्दा	s ʌ m ʌ j bʱ ʌ n d̪ a	sˌəməjbʰˈʌndaː	audio	no	
समयभित्र	s ʌ m ʌ j bʱ i t̪ r ʌ	sˌəməjbʰˈɪtɾˌə	audio	no	
समयमा	s ʌ m ʌ j m a	sˈʌməjmˌaː	owner	no	
समयमै	s ʌ m ʌ j m ʌi	sˈʌməjmˌai	audio	no	
समययता	s ʌ m ʌ j ʌ j t̪ a	sˈʌməjˌəjtˌaː	audio	no	
समयलाई	s ʌ m ʌ j l a i	sˌəməjlˈaːi	audio	no	
समयले	s ʌ m ʌ j l e	sˈʌməjlˌeː	audio	no	
समयसीमा	s ʌ m ʌ j s i m a	sˌəməjsˈɪːmaː	audio	no	
समलिङ्गी	s ʌ m ʌ l i ŋ g i	sˌəməlˈɪŋɡi	owner	yes	[sʌmʌliŋɡi]
समस्त	s ʌ m ʌ s t̪ ʌ	səmˈʌstˌə	agree	yes	[sʌmʌst̪ʌ]
समस्याको	s ʌ m ʌ s j a k o	sˌəməsjˈaːkoː	agree	yes	[sʌmʌsjäko]
समाज	s ʌ m a dz	səmˈaːɟ	agree	yes	[sʌmä(d)z]
समाजकै	s ʌ m a dz k ʌi	səmˈaːɟkˌai	audio	no	
समाजमै	s ʌ m a dz m ʌi	səmˈaːɟmˌai	audio	no	
समाजवाद	s ʌ m a dz w a d̪	sˌəmaːɟwˈaːd	owner	no	[sʌmä(d)zʌbäd̪]
समाजवादी	s ʌ m a dz w a d̪ i	sˌəmaːɟwˈaːdi	audio	no	
समाजवादीले	s ʌ m a dz w a d̪ i l e	sˌəmaːɟwˈaːdɪːlˌeː	audio	no	
समाजशास्त्री	s ʌ m a dz s a s t̪ r i	sˌəmaːɟsˈaːstɾi	audio	no	
समाजसेवी	s ʌ m a dz s e w i	sˌəmaːɟsˌeːwˈiː	audio	no	
समात्नु	s ʌ m a t̪ n u	səmˈaːtnˌu	agree	no	[sʌmät̪n̪u]
समानतापूर्ण	s ʌ m a n t̪ a p u r n ʌ	sˌəmaːntˌaːpˈuːɾnˌə	audio	no	
समानताविरुद्ध	s ʌ m a n t̪ a w i r u d̪ d̪ʱ ʌ	sˌəmaːntˌaːwˌɪɾˈuddʰˌə	audio	no	
समारोहबीच	s ʌ m a r o ɦ b i ts	sˌəmaːɾˌoːhbˈɪːc	audio	no	
समिति	s ʌ m i t̪ i	sˈʌmɪtˌɪ	agree	yes	[sʌmit̪i]
समीपजी	s ʌ m i p dz i	səmˈɪːpɟˌiː	audio	no	
समीर	s ʌ m i r ʌ	səmˈɪːɾˌə	audio	yes	
समुदायका	s ʌ m u d̪ a j k a	sˌəmudˈaːjkˌaː	audio	no	
समुदायको	s ʌ m u d̪ a j k o	sˌəmudˈaːjkˌoː	audio	no	[sʌmud̪äeko]
समुदायमा	s ʌ m u d̪ a j m a	sˌəmudˈaːjmˌaː	audio	no	
समुद्र	s ʌ m u d̪ r ʌ	səmˈudɾˌə	agree	yes	[sʌmud̪rʌ]
समूदायको	s ʌ m u d̪ a j k o	sˌəmuːdˈaːjkˌoː	audio	no	
समूहको	s ʌ m u ɦ k o	səmˈuːhkˌoː	audio	no	
समृद्ध	s ʌ m r i d̪ d̪ʱ ʌ	səmɾˈɪddʰˌə	agree	yes	[sʌmɾid̪̚d̪ʱʌ̤]
सम्धिनी	s ʌ m d̪ʱ i n i	sˈʌmdʰɪnˌiː	agree	yes	[sʌmd̪ʱi̤ni]
सम्धी	s ʌ m d̪ʱ i	sˈʌmdʰi	agree	yes	[sʌmd̪ʱi̤]
सम्पर्क	s ʌ m p ʌ r k ʌ	səmpˈʌɾkˌə	agree	no	[sʌmpʌrkʌ]
सम्पादन	s ʌ m p a d̪ ʌ n	səmpˈaːdən	agree	yes	[sʌmpäd̪ʌn]
सम्बन्धी	s ʌ m b ʌ n d̪ʱ i	səmbˈʌndʰi	agree	yes	[sʌmbʌn̪d̪ʱi̤] / [sʌmbʌn̪d̪i]
सम्भावनाअनुसार	s ʌ m bʱ a w ʌ n a ʌ n u s a r ʌ	sˌəmbʰaːwˈənaːənusˌaːɾˌə	audio	yes	
सम्म	s ʌ m m ʌ	sˈʌmmˌə	agree	yes	[sʌmːʌ]
सम्मेलनमार्फत	s ʌ m m e l ʌ n m a r pʰ ʌ t̪	səmmˌeːlənmˈaːɾpʰət	audio	no	
सय	s ʌ j	sˈʌj	owner	no	[sʌe]
सयको	s ʌ j k o	sˈʌjkˌoː	audio	no	
सयदेखि	s ʌ j d̪ e kʰ i	sˌəjdˈeːkʰɪ	audio	no	
सयबाट	s ʌ j b a ʈ ʌ	sˌəjbˈaːʈˌə	audio	no	
सयभन्दा	s ʌ j bʱ ʌ n d̪ a	sˌəjbʰˈʌndaː	audio	no	
सरकार	s ʌ r k a r	sˌəɾkˈaːɾ	owner	no	[sʌrkär]
सरकारहरुले	s ʌ r k a r ʌ ɦ ʌ r u l e	sˌəɾkˈaːɾəhˌəɾulˌeː	audio	no	
सरकारी	s ʌ r k a r i	sˌəɾkˈaːɾi	owner	no	
सरलता	s ʌ r ʌ l t̪ a	sˈʌɾəltˌaː	audio	no	
सरसामान	s ʌ r s a m a n	sˌəɾsaːmˈaːn	audio	no	
सरासर	s ʌ r a s ʌ r ʌ	səɾˈaːsəɾˌə	audio	yes	
सरिफा	s ʌ r i pʰ a	sˈʌɾɪpʰˌaː	agree	yes	[sʌɾiɸä]
सरोज	s ʌ r o dz	səɾˈoːɟ	agree	yes	[sʌɾo(d)z]
सर्ट	s ʌ r ʈ	sˈʌɾʈ	audio	no	
सर्त	s ʌ r t̪	sˈʌɾt	audio	no	
सर्सिउँ	s ʌ r s i ũ	sˈʌɾsɪˌũ	agree	no	[sʌrsiũ]
सलाइनपानी	s ʌ l a i n p a n i	sˌəlaːˌɪnpˈaːni	audio	no	
सलाई	s ʌ l a i	səlˈaːi	agree	yes	[sʌläi̯]
सलिफा	s ʌ l i pʰ a	sˈʌlɪpʰˌaː	agree	yes	[sʌliɸä]
ससुरा	s ʌ s u r a	sˈʌsuɾˌaː	agree	yes	[sʌsuɾä]
ससुरो	s ʌ s u r o	sˈʌsuɾˌoː	agree	yes	[sʌsuɾo]
सस्तो	s ʌ s t̪ o	sˈʌstoː	agree	yes	[sʌst̪o]
सहकार्यले	s ʌ ɦ ʌ k a r j l e	sˌəhəkˈaːɾjlˌeː	audio	no	
सहजता	s ʌ ɦ ʌ dz t̪ a	sˈʌhəɟtˌaː	audio	no	
सहजतापूर्वक	s ʌ ɦ ʌ dz t̪ a p u r w ʌ k	sˌəhəɟtˌaːpuːɾwˈʌk	audio	no	
सहन	s ʌ ɦ ʌ n ʌ	sˈʌhənˌə	audio	no	
सहपाठी	s ʌ ɦ ʌ p a ʈʰ i	sˌəhəpˈaːʈʰi	owner	yes	[sʌ̤ːpäʈʰi]
सहयोग	s ʌ ɦ ʌ j o g	sˌəhəjˈoːɡ	agree	yes	[sʌ̤ːjoɡ̞] / [sʌʔʌjoɡ̞]
साँचो	s ã ts o	sãcˈoː	agree	yes	[sä̃t͡so]
साँझ	s ã dzʱ ʌ	sˈãɟʰˌə	audio	no	
साँझदेखि	s ã dzʱ ʌ d̪ e kʰ i	sãɟʰˈʌdeːkʰˌɪ	audio	yes	
साँझमा	s ã dzʱ ʌ m a	sãɟʰˈʌmaː	audio	yes	
साँप	s ã p	sˈãp	agree	yes	[sä̃p]
साइकल	s a i k ʌ l	sˈaːɪkˌəl	agree	yes	[säi̯kʌl]
साइकलवाला	s a i k ʌ l w a l a	sˌaːɪkˌəlwˈaːlaː	audio	no	
साइजमा	s a i dz ʌ m a	sˈaːɪɟˌəmaː	audio	yes	
साइबेक्स	s a i b e k s	sˌaːɪbˈeːks	audio	no	
साउन	s a u n	sˈaːʊn	audio	yes	[sä.un]
साउनमा	s a u n m a	sˈaːʊnmˌaː	audio	no	
साउनसम्म	s a u n s ʌ m m ʌ	sˌaːʊnsˈʌmmˌə	audio	no	
साक्षरता	s a k tsʰ ʌ r t̪ a	sˈaːkʂəɾtˌaː	audio	no	
साट्दै	s a ʈ d̪ ʌi	sˈaːʈdai	agree	yes	[säʈ̚d̪ʌi̯]
साट्नु	s a ʈ n u	sˈaːʈnˌu	agree	no	[säʈɳu]
साठी	s a ʈʰ i	sˈaːʈʰi	agree	yes	[säʈʰi]
सात	s a t̪	sˈaːt	agree	yes	[sät̪]
साता	s a t̪ a	sˈaːtaː	agree	yes	[sät̪ä]
साथी	s a t̪ʰ i	sˈaːtʰi	agree	yes	[sät̪ʰi]
सानो	s a n o	sˈaːnoː	agree	yes	[säno] / [sjäno]
साप	s a p	sˈaːp	agree	yes	[säp]
साबुन	s a b u n	sˈaːbun	agree	yes	[säbun]
सामग्रीहरू	s a m ʌ g r i ɦ ʌ r u	sˌaːməɡɾˈɪːhəɾˌuː	agree	yes	[sämʌɡ̞riɦʌɾu]
सामान	s a m a n	saːmˈaːn	agree	yes	[sämän]
सामानबारे	s a m a n b a r e	sˌaːmaːnbˈaːɾeː	audio	no	
सामान्य	s a m a n j	saːmˈaːnj	audio	no	[sämänːe]
सायरा	s a j r a	sˈaːjɾˌaː	audio	no	
सार्वजनिक	s a r w ʌ dz n i k	saːɾwˈʌɟnɪk	owner	no	
सालतिरै	s a l t̪ i r ʌi	sˈaːltˌɪɾai	audio	no	
साला	s a l a	sˈaːlaː	agree	yes	[sälä]
साली	s a l i	sˈaːli	agree	yes	[säli]
साले	s a l e	sˈaːleː	agree	yes	[säle]
सालो	s a l o	sˈaːloː	agree	yes	[sälo]
सासु	s a s u	sˈaːsu	agree	yes	[säsu]
सासू	s a s u	sˈaːsuː	agree	yes	[säsu]
सिंह	s ĩ ɦ	sˈĩh	audio	no	[siŋɦʌ] / [sĩɦʌ]
सिंहदरबार	s ĩ ɦ ʌ d̪ ʌ r b a r	sˌĩhədˌəɾbˈaːɾ	audio	no	
सिंहदरबारमा	s ĩ ɦ ʌ d̪ ʌ r b a r m a	sˌĩhədˌəɾbˈaːɾmˌaː	audio	no	
सिंहदरबारसम्म	s ĩ ɦ ʌ d̪ ʌ r b a r s ʌ m m ʌ	sˌĩhədˌəɾbˌaːɾsˈʌmmˌə	audio	no	
सिंहदरबारस्थित	s ĩ ɦ ʌ d̪ ʌ r b a r ʌ s t̪ʰ i t̪	sˌĩhədˌəɾbaːɾˈʌstʰɪt	audio	no	
सिंहले	s ĩ ɦ l e	sˈĩhlˌeː	audio	no	
सिउनु	s i u n u	sˈɪʊnˌu	agree	yes	[siu̯nu]
सिकाउनु	s i k a u n u	sɪkˈaːʊnˌu	agree	yes	[sikäu̯nu]
सिकार	s i k a r	sɪkˈaːɾ	agree	no	[sikär]
सिक्किम	s i k k i m	sˈɪkkˌɪm	agree	no	[sik̚kim]
सिक्नु	s i k n u	sˈɪknˌu	agree	no	[siknu]
सिक्स	s i k s	sˈɪks	audio	no	
सिटमूनि	s i ʈ m u n i	sˌɪʈmˈuːnɪ	audio	no	
सितम्बर	s i t̪ ʌ m b ʌ r	sɪtˈʌmbəɾ	agree	no	[sit̪ʌmbʌr]
सिन्दुर	s i n d̪ u r ʌ	sˈɪnduɾˌə	audio	yes	
सिन्धुपाल्चोककै	s i n d̪ʱ u p a l ts o k k ʌi	sˌɪndʰupˈaːlcoːkkˌai	audio	no	
सिपारिस	s i p a r i s	sɪpˈaːɾɪs	agree	yes	[sipäɾis]
सिमकोट	s i m k o ʈ	sˌɪmkˈoːʈ	audio	no	
सिमेन्ट	s i m e n ʈ	sɪmˈeːnʈ	owner	no	
सिमेन्टको	s i m e n ʈ k o	sɪmˈeːnʈkˌoː	audio	no	
सिमेन्टमा	s i m e n ʈ m a	sɪmˈeːnʈmˌaː	audio	no	
सिमेन्टलाई	s i m e n ʈ l a i	sɪmˈeːnʈlˌaːi	audio	no	
सिमेन्टले	s i m e n ʈ l e	sɪmˈeːnʈlˌeː	audio	no	
सिमेन्टसँग	s i m e n ʈ s ʌ̃ g ʌ	sɪmˈeːnʈsˌʌ̃ɡˌə	audio	no	
सिरानी	s i r a n i	sɪɾˈaːni	agree	yes	[siɾäni]
सिराने	s i r a n e	sɪɾˈaːneː	agree	yes	[siɾäne]
सिर्जनाकर्ममा	s i r dz ʌ n a k ʌ r m m a	sˌɪɾɟənaːkˈʌɾmmˌaː	audio	no	
सिलसिला	s i l s i l a	sˈɪlsˌɪlaː	audio	no	
सिलसिलामा	s i l s i l a m a	sˌɪlsɪlˈaːmaː	audio	no	
सिलाउनु	s i l a u n u	sɪlˈaːʊnˌu	agree	yes	[siläu̯nu]
सिलि	s i l i	sˈɪlɪ	agree	yes	[sili]
सिसाकलम	s i s a k ʌ l ʌ m	sɪsˈaːkəlˌəm	agree	no	[sisäkʌlʌm]
सिस्टर	s i s ʈ ʌ r ʌ	sˈɪsʈəɾˌə	audio	yes	
सीएचटिसी	s i e ts ʈ i s i	sɪːˈeːcʈˌɪsi	audio	no	
सुँप्	s ũ p	sˈũp	agree	yes	[sũp]
सुक्खा	s u k kʰ a	sˈukkʰaː	agree	yes	[suk̚kʰä]
सुख	s u kʰ ʌ	sˈukʰˌə	owner	yes	
सुखमय	s u kʰ ʌ m ʌ j	sˈukʰəmˌəj	audio	no	
सुगा	s u g a	sˈuɡaː	agree	yes	[suɡ̞ä]
सुति	s u t̪ i	sˈutɪ	agree	yes	[sut̪i]
सुत्नु	s u t̪ n u	sˈutnˌu	agree	no	[sut̪n̪u]
सुत्लि	s u t̪ l i	sˈutlɪ	agree	yes	[sut̪li]
सुदूरपश्चिम	s u d̪ u r ʌ p ʌ s ts i m	sˌuduːɾəpˈʌscɪm	agree	no	[sud̪uɾʌpʌst͡sim]
सुदृढ	s u d̪ r i ɖʱ ʌ	sudɾˈɪɖʰˌə	audio	no	
सुधारिरहेको	s u d̪ʱ a r i r ɦ e k o	sˌudʰaːɾˌɪɾhˈeːkoː	audio	no	
सुन	s u n	sˈun	agree	yes	[sun] / [sunʌ]
सुनिलकुमार	s u n i l k u m a r	sˌunɪlkˌumˈaːɾ	audio	no	
सुन्तला	s u n t̪ ʌ l a	sˈuntəlˌaː	agree	yes	[sun̪t̪ʌlä]
सुन्दर	s u n d̪ ʌ r	sˈundəɾ	agree	no	[sun̪d̪ʌr]
सुन्दरता	s u n d̪ ʌ r t̪ a	sˈundəɾtˌaː	audio	no	
सुन्दरताप्रति	s u n d̪ ʌ r t̪ a p r ʌ t̪ i	sˌundəɾtˈaːpɾətˌɪ	audio	no	
सुन्ना	s u n n a	sˈunnˌaː	agree	yes	[sunːä]
सुन्निनु	s u n n i n u	sˈunnˌɪnˌu	agree	no	[sunːinu]
सुन्नु	s u n n u	sˈunnˌu	agree	no	[sunːu]
सुपरभाइजर	s u p ʌ r bʱ a i dz ʌ r	sˌupəɾbʰˈaːɪɟˌəɾ	audio	no	
सुरुवातबाटै	s u r u w a t̪ b a ʈ ʌi	sˌuɾuwˈaːtbˌaːʈai	audio	no	
सूर्जे	s u r dz e	sˈuːɾɟeː	agree	no	[surd͡ze]
सेकेण्डको	s e k e n ɖ k o	seːkˈeːnɖkˌoː	audio	no	
सेकेन्ड	s e k e n ɖ	seːkˈeːnɖ	audio	no	
सेतो	s e t̪ o	sˈeːtoː	agree	yes	[set̪o]
सेपाकताक्रो	s e p a k t̪ a k r o	sˌeːpaːktˈaːkɾoː	audio	no	
सेप्टेम्बर	s e p ʈ e m b ʌ r	seːpʈˈeːmbəɾ	agree	no	[sep̚ʈembʌr]
सेमिफाइनलबाटै	s e m i pʰ a i n ʌ l b a ʈ ʌi	sˌeːmɪpʰˌaːɪnˌəlbˈaːʈai	audio	no	
सेयरिङ	s e j r i ŋ	sˈeːjɾˌɪŋ	audio	no	
सेल्स	s e l s	sˈeːls	audio	no	
सैनिक	s ʌi n i k	sˈainɪk	agree	no	[sʌi̯nik]
सोच	s o ts	sˈoːc	agree	yes	[sot͡s] / [sot͡sʌ]
सोचविचार	s o ts w i ts a r	sˌoːcwˈɪcaːɾ	audio	no	
सोचिन	s o ts i n ʌ	sˈoːcɪnˌə	audio	no	
सोच्नु	s o ts n u	sˈoːcnˌu	agree	no	[sot͡snu]
सोजो	s o dz o	sˈoːɟoː	agree	yes	[so(d)zo]
सोफा	s o pʰ a	sˈoːpʰaː	agree	yes	[soɸä]
सोमबार	s o m b a r	sˌoːmbˈaːɾ	audio	no	[sombär] / [sʌ̃ũ̯bär] / [sʌmbär]
सोमबारको	s o m b a r k o	sˌoːmbˈaːɾkˌoː	audio	no	
सोमबारदेखि	s o m b a r d̪ e kʰ i	sˌoːmbˌaːɾdˈeːkʰɪ	audio	no	
सोमवार	s o m w a r	sˌoːmwˈaːɾ	owner	no	
सोर्स	s o r s	sˈoːɾs	audio	no	
सोह्र	s o ɦ r ʌ	sˈoːhɾˌə	owner	yes	[soɾʌ]
स्कलरसिप	s k ʌ l ʌ r s i p	skˈʌləɾsˌɪp	audio	no	
स्कुल	s k u l	skˈul	agree	yes	[skul]
स्कुलछेउ	s k u l tsʰ e u	skˌulcʰˈeːʊ	audio	no	
स्कूल	s k u l ʌ	skˈuːlˌə	audio	no	
स्टाटस	s ʈ a ʈ ʌ s ʌ	sʈˈaːʈəsˌə	audio	no	
स्टोर्सका	s ʈ o r s k a	sʈˈoːɾskˌaː	audio	no	
स्ट्यान्डर्ड	s ʈ j a n ɖ ʌ r ɖ	sʈjaːnɖˈʌɾɖ	audio	no	
स्ट्यान्डसम्म	s ʈ j a n ɖ s ʌ m m ʌ	sʈjˌaːnɖsˈʌmmˌə	audio	no	
स्थानको	s t̪ʰ a n ʌ k o	stʰˈaːnəkˌoː	audio	yes	
स्थिति	s t̪ʰ i t̪ i	stʰˈɪtɪ	agree	yes	[st̪ʰit̪i]
स्मार्ट	s m a r ʈ	smˈaːɾʈ	owner	no	
स्याउ	s j a u	sjˈaːʊ	agree	yes	[sjäu̯]
स्याटलाईटमा	s j a ʈ l a i ʈ m a	sjˌaːʈlaːˈɪːʈmˌaː	audio	no	
स्वतः	s w ʌ t̪ ʌ ɦ	swətˈʌh	audio	no	
स्वदेशमै	s w ʌ d̪ e s m ʌi	swədˈeːsmˌai	audio	no	
स्वागत	s w a g ʌ t̪	swˈaːɡət	agree	yes	[swä.ɡʌt̪]
स्वादिलो	s w a d̪ i l o	swˈaːdɪlˌoː	agree	yes	[swä.d̪ilo]
स्वास्थ्यको	s w a s t̪ʰ j k o	swˈaːstʰjkˌoː	audio	no	
स्वास्नि	s w a s n i	swˈaːsnɪ	agree	yes	[swä.sni]
स्वास्नी	s w a s n i	swˈaːsni	agree	yes	[swä.sni]
स्वीकार्य	s w i k a r j	swˌɪːkˈaːɾj	audio	no	
हकदार	ɦ ʌ k d̪ a r	hˌəkdˈaːɾ	audio	no	
हकहितमा	ɦ ʌ k ɦ i t̪ m a	hˈʌkhˌɪtmˌaː	audio	no	
हकार्नु	ɦ ʌ k a r n u	həkˈaːɾnˌu	agree	no	[ɦʌkärnu]
हग्नु	ɦ ʌ g n u	hˈʌɡnˌu	agree	no	[ɦʌɡ̞nu]
हजम	ɦ ʌ dz ʌ m	hˈʌɟəm	agree	no	[ɦʌ(d)zʌm]
हजाम	ɦ ʌ dz a m	həɟˈaːm	agree	no	[ɦʌ(d)zäm]
हजार	ɦ ʌ dz a r	həɟˈaːɾ	agree	no	[ɦʌ(d)zär]
हजुर	ɦ ʌ dz u r	hˈʌɟuɾ	owner	no	[ɦʌ(d)zuɾʌ]
हजुरबाको	ɦ ʌ dz u r b a k o	hˌəɟuɾbˈaːkoː	audio	no	
हजुरबाले	ɦ ʌ dz u r b a l e	hˌəɟuɾbˈaːleː	audio	no	
हजुरबुवाले	ɦ ʌ dz u r b u w a l e	hˌəɟuɾbˌuwˈaːleː	audio	no	
हतारहतार	ɦ ʌ t̪ a r ʌ ɦ ʌ t̪ a r ʌ	hˌətaːɾˌəhətˈaːɾˌə	audio	yes	
हतियार	ɦ ʌ t̪ i j a r ʌ	hˌətɪjˈaːɾˌə	audio	yes	[ɦʌt̪ijär]
हत्तेरी	ɦ ʌ t̪ t̪ e r i	hˈʌttˌeːɾi	agree	yes	[ɦʌt̪̚t̪eɾi]
हत्तेरीका	ɦ ʌ t̪ t̪ e r i k a	həttˌeːɾˈɪːkaː	agree	yes	[ɦʌt̪̚t̪eɾikä]
हप्ता	ɦ ʌ p t̪ a	hˈʌptaː	agree	yes	[ɦʌp̚t̪ä]
हब्शी	ɦ ʌ b s i	hˈʌbsi	agree	yes	[ɦʌbsi]
हब्सी	ɦ ʌ b s i	hˈʌbsi	agree	yes	[ɦʌbsi]
हरा	ɦ ʌ r a	hˈʌɾaː	agree	yes	[ɦʌɾä]
हराउनु	ɦ ʌ r a u n u	həɾˈaːʊnˌu	agree	yes	[ɦʌɾäu̯nu]
हरियो	ɦ ʌ r i j o	hˈʌɾɪjˌoː	agree	yes	[ɦʌɾijo]
हरिवंश	ɦ ʌ r i w ʌ̃ s ʌ	hˈʌɾɪwˌʌ̃sˌə	audio	no	
हरेक	ɦ ʌ r e k	həɾˈeːk	agree	no	[ɦʌɾek]
हलुको	ɦ ʌ l u k o	hˈʌlukˌoː	agree	yes	[ɦʌluko]
हलो	ɦ ʌ l o	hˈʌloː	agree	yes	[ɦʌlo]
हल्स	ɦ ʌ l s	hˈʌls	audio	no	
हवाईजहाज	ɦ ʌ w a i dz ʌ ɦ a dz	həwˈaːɪːɟˌəhaːɟ	owner	yes	[ɦʌwäi̯(d)zä̤ː(d)z]
हस	ɦ ʌ s	hˈʌs	agree	yes	[ɦʌs]
हस्कनु	ɦ ʌ s k ʌ n u	hˈʌskənˌu	agree	yes	[ɦʌskʌnu]
हस्तमैथुन	ɦ ʌ s t̪ ʌ m ʌi t̪ʰ u n	hˌəstəmˈaitʰun	owner	yes	[ɦʌst̪ʌmʌi̯t̪ʰunʌ]
हस्पिटलकै	ɦ ʌ s p i ʈ ʌ l k ʌi	hˈʌspɪʈˌəlkˌai	audio	no	
हाँक्नु	ɦ ã k n u	hãknˈu	agree	no	[ɦä̃knu]
हाँसिरहेको	ɦ ã s i r ɦ e k o	hãsˈɪɾhˌeːkoː	audio	no	
हाँसो	ɦ ã s o	hãsˈoː	agree	yes	[ɦä̃so]
हाँस्नु	ɦ ã s n u	hãsnˈu	agree	no	[ɦä̃snu]
हाइकु	ɦ a i k u	hˈaːɪkˌu	agree	yes	[ɦäi̯ku]
हाइड्रोजन	ɦ a i ɖ r o dz ʌ n	hˌaːɪɖɾˈoːɟən	agree	yes	[ɦäi̯ɽro(d)zʌn]
हाजिर	ɦ a dz i r	hˈaːɟɪɾ	agree	no	[ɦä(d)zir]
हात	ɦ a t̪	hˈaːt	agree	yes	[ɦät̪]
हातहातमा	ɦ a t̪ ɦ a t̪ m a	hˌaːthˈaːtmˌaː	audio	no	
हात्ती	ɦ a t̪ t̪ i	hˈaːttˌiː	agree	yes	[ɦät̪̚t̪i]
हान्नु	ɦ a n n u	hˈaːnnˌu	agree	no	[ɦänːu]
हाफमै	ɦ a pʰ m ʌi	hˈaːpʰmˌai	audio	no	
हामी	ɦ a m i	hˈaːmi	agree	yes	[ɦämi]
हामीमा	ɦ a m i m a	haːmˈɪːmaː	agree	yes	[ɦämimä]
हामीलाई	ɦ a m i l a i	hˌaːmɪːlˈaːi	agree	yes	[ɦämiläi̯]
हामीले	ɦ a m i l e	haːmˈɪːleː	agree	yes	[ɦämile]
हाम्रो	ɦ a m r o	hˈaːmɾoː	agree	yes	[ɦämro]
हारबीच	ɦ a r b i ts	hˌaːɾbˈɪːc	audio	no	
हार्दिकतापूर्ण	ɦ a r d̪ i k t̪ a p u r n ʌ	hˌaːɾdɪktˌaːpˈuːɾnˌə	audio	no	
हार्नु	ɦ a r n u	hˈaːɾnˌu	agree	no	[ɦärnu]
हालसालै	ɦ a l s a l ʌi	hˌaːlsˈaːlai	audio	no	
हावा	ɦ a w a	haːwˈaː	agree	yes	[ɦäwä]
हिँडदा	ɦ ĩ ɖ d̪ a	hĩɖdˈaː	audio	no	
हिँडिरहेका	ɦ ĩ ɖ i r ɦ e k a	hĩɖˈɪɾhˌeːkaː	audio	no	
हिँड्नु	ɦ ĩ ɖ n u	hĩɖnˈu	agree	no	[ɦĩɽɳu]
हिउँ	ɦ i ũ	hˈɪũ	agree	yes	[ɦiũ]
हिउँद	ɦ i ũ d̪	hɪˈũd	agree	yes	[ɦiũd̪]
हिउँदभित्रै	ɦ i ũ d̪ bʱ i t̪ r ʌi	hˌɪũdbʰˈɪtɾˌai	audio	no	
हिउँदयाममा	ɦ i ũ d̪ j a m m a	hˌɪũdjˈaːmmˌaː	audio	no	
हिजो	ɦ i dz o	hˈɪɟoː	agree	yes	[ɦi(d)zo]
हिज्जे	ɦ i dz dz e	hˈɪɟɟˌeː	agree	yes	[ɦi(d)zd͡ze]
हिन्दी	ɦ i n d̪ i	hˈɪndi	agree	yes	[ɦin̪d̪i]
हिमाल	ɦ i m a l	hɪmˈaːl	agree	yes	[ɦimäl]
हिलो	ɦ i l o	hˈɪloː	agree	yes	[ɦilo]
हिसाब	ɦ i s a b	hɪsˈaːb	agree	yes	[ɦisäb]
हुँ	ɦ ũ	hˈũ	agree	yes	[ɦũ] / [ɦum]
हुँदैन	ɦ ũ d̪ ʌi n ʌ	hũdˈainˌə	agree	yes	[ɦũd̪ʌi̯nʌ]
हुटहुटीले	ɦ u ʈ ɦ u ʈ i l e	hˌuʈhuʈˈɪːleː	audio	no	
हुण्डि	ɦ u n ɖ i	hˈunɖɪ	agree	yes	[ɦuɳɖi]
हुन	ɦ u n ʌ	hˈunˈə	owner	yes	
हुनु	ɦ u n u	hˈunˌu	agree	no	[ɦunu]
हुनुहुन्छ	ɦ u n u ɦ u n tsʰ ʌ	hˌunuhˈuncʰˌə	agree	yes	[ɦunu‿ɦun̻t͡sʰʌ]
हुनुहुन्न	ɦ u n u ɦ u n n ʌ	hˌunuhˈunnˌə	agree	yes	[ɦunu‿ɦunːʌ]
हुने	ɦ u n e	hˈuneː	agree	yes	[ɦune]
हुनेछ	ɦ u n e tsʰ ʌ	hunˈeːcʰˌə	agree	yes	[ɦunet͡sʰʌ]
हुन्	ɦ u n	hˈun	agree	yes	[ɦun]
हुन्छ	ɦ u n tsʰ ʌ	hˈuncʰˌə	agree	yes	[ɦun̻t͡sʰʌ]
हुन्छन्	ɦ u n tsʰ ʌ n	hˈuncʰən	agree	yes	[ɦun̻t͡sʰʌn]
हुलमुलमा	ɦ u l m u l m a	hˈulmˌulmˌaː	audio	no	
हृदयको	ɦ r i d̪ ʌ j k o	hɾˈɪdəjkˌoː	audio	no	
हेटौडा	ɦ e ʈ ʌu ɖ a	heːʈˈʌuɖaː	agree	yes	[ɦeʈʌu̯ɽä]
हेडल्याम्प	ɦ e ɖ ʌ l j a m p	hˌeːɖəljˈaːmp	audio	no	
हेमराज	ɦ e m r a dz	hˌeːmɾˈaːɟ	audio	no	
हेरचाह	ɦ e r ts a ɦ ʌ	hˌeːɾcˈaːhˌə	audio	no	
हेरविचार	ɦ e r w i ts a r	hˌeːɾwˈɪcaːɾ	audio	no	
हेरिकन	ɦ e r i k ʌ n ʌ	hˈeːɾɪkˌənˌə	audio	no	
हेर्नु	ɦ e r n u	hˈeːɾnˌu	agree	no	[ɦernu]
हेलमेट	ɦ e l m e ʈ	hˌeːlmˈeːʈ	audio	no	
हेलमेटले	ɦ e l m e ʈ l e	hˌeːlmˈeːʈlˌeː	audio	no	
हेल्थ	ɦ e l t̪ʰ	hˈeːltʰ	audio	no	
हैन	ɦ ʌi n ʌ	hˈainˌə	audio	yes	
हो	ɦ o	hˈoː	agree	yes	[ɦo]
होइन	ɦ o i n ʌ	hˈoinˌə	owner	yes	[ɦoi̯nʌ] / [ɦʌi̯nʌ]
होइनौ	ɦ o i n ʌu	hˈoːɪnˌʌu	agree	yes	[ɦoi̯nʌu̯] / [ɦʌi̯nʌu̯]
होचो	ɦ o ts o	hˈoːcoː	agree	yes	[ɦot͡so]
होटल	ɦ o ʈ ʌ l	hˈoːʈəl	agree	yes	[ɦoʈʌl]
होभरबाइक	ɦ o bʱ ʌ r b a i k	hˌoːbʰəɾbˈaːɪk	audio	no	
होला	ɦ o l a	hˈoːlaː	agree	yes	[ɦolä]
होली	ɦ o l i	hˈoːli	agree	yes	[ɦoli]
हौ	ɦ ʌu	hˈʌu	agree	yes	[ɦʌu̯]
ह्याँ	ɦ j ã	hjˈã	agree	yes	[ɦjä̃]
ह्याण्ड	ɦ j a n ɖ	hjˈaːnɖ	audio	no	
ह्यात्तेरिका	ɦ j a t̪ t̪ e r i k a	hjˈaːttˌeːɾɪkˌaː	agree	yes	[ɦjät̪̚t̪eɾikä]
ह्यात्तेरीका	ɦ j a t̪ t̪ e r i k a	hjˈaːttˌeːɾɪːkˌaː	agree	yes	[ɦjät̪̚t̪eɾikä]
ह्यान्ड	ɦ j a n ɖ	hjˈaːnɖ	audio	no	
ह्यापिडेन्ट	ɦ j a p i ɖ e n ʈ	hjˌaːpɪɖˈeːnʈ	audio	no	
ह्रास	ɦ r a s ʌ	hɾˈaːsˌə	audio	no	
